Cluster Label,ATM,Accessories Store,Adult Boutique,Advertising Agency,Afghan Restaurant,African Restaurant,American Restaurant,Antique Shop,Arcade,Arepa Restaurant,Art Gallery,Art Museum,Arts & Crafts Store,Asian Restaurant,Athletics & Sports,Auto Garage,Auto Workshop,Automotive Shop,BBQ Joint,Bagel Shop,Bakery,Bank,Bar,Baseball Field,Baseball Stadium,Basketball Stadium,Beach,Beach Bar,Beer Bar,Beer Garden,Beer Store,Big Box Store,Bike Rental / Bike Share,Bike Shop,Bistro,Boat or Ferry,Bookstore,Boutique,Bowling Alley,Brazilian Restaurant,Breakfast Spot,Brewery,Bridal Shop,Bubble Tea Shop,Buffet,Building,Burger Joint,Burrito Place,Bus Line,Bus Station,Bus Stop,Business Service,Butcher,Caf√©,Cajun / Creole Restaurant,Camera Store,Candy Store,Cantonese Restaurant,Caribbean Restaurant,Check Cashing Service,Cheese Shop,Chinese Restaurant,Chiropractor,Chocolate Shop,Christmas Market,Church,Clothing Store,Cocktail Bar,Coffee Shop,College Arts Building,College Basketball Court,College Gym,College Library,College Theater,Comedy Club,Comfort Food Restaurant,Comic Shop,Concert Hall,Construction & Landscaping,Convenience Store,Cosmetics Shop,Creperie,Cuban Restaurant,Cupcake Shop,Cycle Studio,Dance Studio,Deli / Bodega,Department Store,Dessert Shop,Diner,Discount Store,Distillery,Dive Bar,Doctor's Office,Dog Run,Donut Shop,Drugstore,Dry Cleaner,Dumpling Restaurant,Eastern European Restaurant,Electronics Store,Empanada Restaurant,Escape Room,Ethiopian Restaurant,Event Space,Exhibit,Eye Doctor,Falafel Restaurant,Farmers Market,Fast Food Restaurant,Filipino Restaurant,Film Studio,Financial or Legal Service,Fish Market,Floating Market,Flower Shop,Fondue Restaurant,Food,Food & Drink Shop,Food Court,Food Service,Food Truck,Football Stadium,Fountain,French Restaurant,Fried Chicken Joint,Frozen Yogurt Shop,Furniture / Home Store,Gaming Cafe,Garden,Garden Center,Gas Station,Gastropub,Gay Bar,General College & University,General Entertainment,German Restaurant,Gift Shop,Golf Course,Gourmet Shop,Greek Restaurant,Grocery Store,Gun Shop,Gym,Gym / Fitness Center,Gym Pool,Gymnastics Gym,Harbor / Marina,Hardware Store,Hawaiian Restaurant,Health & Beauty Service,Health Food Store,Herbs & Spices Store,High School,Himalayan Restaurant,Historic Site,History Museum,Hobby Shop,Hockey Arena,Home Service,Hookah Bar,Hostel,Hot Dog Joint,Hotel,Hotel Bar,Hotel Pool,IT Services,Ice Cream Shop,Indian Restaurant,Indie Movie Theater,Intersection,Irish Pub,Italian Restaurant,Japanese Restaurant,Jewelry Store,Juice Bar,Karaoke Bar,Kids Store,Kitchen Supply Store,Korean Restaurant,Laser Tag,Latin American Restaurant,Laundromat,Laundry Service,Lawyer,Lebanese Restaurant,Library,Light Rail Station,Lighting Store,Lingerie Store,Liquor Store,Lounge,Marijuana Dispensary,Market,Martial Arts School,Massage Studio,Mattress Store,Mediterranean Restaurant,Men's Store,Metro Station,Mexican Restaurant,Middle Eastern Restaurant,Miscellaneous Shop,Mobile Phone Shop,Modern European Restaurant,Mongolian Restaurant,Monument / Landmark,Moroccan Restaurant,Motel,Movie Theater,Multiplex,Museum,Music Store,Music Venue,Nail Salon,Nature Preserve,New American Restaurant,Nightclub,Non-Profit,Noodle House,North Indian Restaurant,Office,Opera House,Optical Shop,Organic Grocery,Other Repair Shop,Outdoor Sculpture,Outdoor Supply Store,Paella Restaurant,Paper / Office Supplies Store,Park,Pawn Shop,Performing Arts Venue,Persian Restaurant,Peruvian Restaurant,Pet Store,Pharmacy,Photography Studio,Piano Bar,Pie Shop,Pilates Studio,Pizza Place,Planetarium,Playground,Plaza,Poke Place,Pool,Pool Hall,Portuguese Restaurant,Pub,Ramen Restaurant,Record Shop,Recreation Center,Rental Car Location,Residential Building (Apartment / Condo),Resort,Restaurant,River,Road,Rock Climbing Spot,Rock Club,Roof Deck,Russian Restaurant,Sake Bar,Salad Place,Salon / Barbershop,Sandwich Place,Scenic Lookout,Science Museum,Sculpture Garden,Seafood Restaurant,Shipping Store,Shoe Repair,Shoe Store,Shop & Service,Shopping Mall,Shopping Plaza,Skating Rink,Smoke Shop,Smoothie Shop,Snack Place,Social Club,Soup Place,South American Restaurant,Southern / Soul Food Restaurant,Souvenir Shop,Spa,Spanish Restaurant,Speakeasy,Sporting Goods Shop,Sports Bar,Sports Club,Stationery Store,Steakhouse,Storage Facility,Supermarket,Supplement Shop,Surf Spot,Sushi Restaurant,Synagogue,Szechuan Restaurant,Taco Place,Tailor Shop,Tanning Salon,Tapas Restaurant,Tattoo Parlor,Tea Room,Tennis Court,Tex-Mex Restaurant,Thai Restaurant,Theater,Theme Restaurant,Thrift / Vintage Store,Tiki Bar,Tour Provider,Tourist Information Center,Toy / Game Store,Trail,Train Station,Travel & Transport,Tunnel,Turkish Restaurant,Vegetarian / Vegan Restaurant,Veterinarian,Video Game Store,Video Store,Vietnamese Restaurant,Warehouse Store,Waterfront,Whisky Bar,Wine Bar,Wine Shop,Winery,Wings Joint,Women's Store,Yoga Studio
0,0.0,0.0,0.0,0.0,0.0,0.0,0.0,0.0,0.09090909090909093,0.0,0.0,0.0,0.0,0.0,0.0,0.0,0.0,0.0,0.0,0.0,0.0,0.0,0.0,0.0,0.0,0.0,0.0,0.0,0.09090909090909093,0.0,0.0,0.0,0.0,0.0,0.0,0.0,0.0,0.0,0.0,0.0,0.0,0.0,0.0,0.0,0.0,0.0,0.09090909090909093,0.0,0.0,0.0,0.0,0.0,0.0,0.0,0.0,0.0,0.0,0.0,0.0,0.0,0.0,0.0,0.0,0.0,0.0,0.0,0.0,0.0,0.09090909090909093,0.0,0.0,0.0,0.0,0.0,0.0,0.0,0.0,0.0,0.0,0.0,0.0,0.0,0.0,0.0,0.09090909090909093,0.0,0.0,0.0,0.0,0.0,0.0,0.0,0.0,0.0,0.0,0.0,0.0,0.0,0.0,0.0,0.0,0.0,0.0,0.0,0.0,0.0,0.0,0.0,0.0,0.0,0.0,0.0,0.0,0.0,0.0,0.0,0.0,0.0,0.0,0.0,0.0,0.0,0.0,0.0,0.0,0.0,0.0,0.0,0.0,0.0,0.0,0.0,0.0,0.09090909090909093,0.0,0.0,0.0,0.0,0.0,0.0,0.0,0.0,0.0,0.0,0.0,0.0,0.0,0.0,0.0,0.0,0.0,0.0,0.0,0.0,0.0,0.0,0.0,0.0,0.0,0.0,0.0,0.0,0.0,0.0,0.0,0.0,0.0,0.0,0.0,0.0,0.0,0.0,0.0,0.0,0.0,0.0,0.0,0.0,0.0,0.0,0.0,0.0,0.0,0.09090909090909093,0.0,0.0,0.0,0.0,0.0,0.0,0.0,0.0,0.0,0.0,0.0,0.0,0.0,0.0,0.0,0.0,0.0,0.0,0.0,0.0,0.0,0.0,0.0,0.0,0.0,0.0,0.0,0.0,0.0,0.0,0.0,0.0,0.0,0.0,0.0,0.0,0.0,0.0,0.0,0.0,0.0,0.0,0.0,0.0,0.0,0.0,0.09090909090909093,0.0,0.0,0.0,0.0,0.0,0.0,0.0,0.0,0.0,0.0,0.0,0.0,0.0,0.0,0.0,0.0,0.0,0.0,0.0,0.0,0.0,0.0,0.0,0.0,0.0,0.0,0.0,0.0,0.0,0.0,0.0,0.0,0.0,0.0,0.0,0.0,0.0,0.0,0.0,0.0,0.0,0.0,0.0,0.0,0.0,0.0,0.0,0.0,0.0,0.0,0.0,0.0,0.0,0.0,0.0,0.0,0.09090909090909093,0.0,0.0,0.0,0.0,0.0,0.0,0.0,0.0,0.0,0.0,0.0,0.0,0.0,0.0,0.0,0.0,0.0,0.0,0.0,0.0,0.0,0.0,0.09090909090909093,0.0,0.0,0.0,0.0,0.0,0.0,0.0,0.0,0.0,0.0,0.0,0.0,0.0,0.0,0.0,0.0,0.0,0.0,0.0,0.0,0.09090909090909093,0.0,0.0,0.0,0.0
1,0.0,0.0,0.0,0.0,0.0196078431372549,0.08104575163398695,1.2943111069103577,0.05629877369007803,0.01282051282051282,0.0,0.418974989446205,0.08945998698763825,0.09090909090909091,0.44822047914856245,0.037241379310344824,0.0,0.07692307692307693,0.03773584905660377,0.21411498603411805,0.0984023819317937,0.37328176512319733,0.09555189908131086,2.0694722906950433,0.0,0.0,0.07448275862068965,0.0,0.0,0.0,0.17866567796597232,0.13252922392073335,0.0,0.0,0.0,0.10722610722610723,0.0,0.038980509745127435,0.0,0.038461538461538464,0.0196078431372549,0.038628038628038625,0.2435663410284001,0.0,0.02,0.0,0.022222222222222227,0.2009146243043445,0.0,0.0,0.01282051282051282,0.13574660633484165,0.0,0.01282051282051282,0.40392069751502135,0.06911928651059085,0.0,0.03773584905660377,0.0,0.0,0.0,0.0,0.23814272683837903,0.0,0.0,0.017241379310344827,0.0,0.13860276993993154,0.6934084446851225,1.3447582814380659,0.021739130434782608,0.0,0.0,0.0,0.0,0.029411764705882363,0.0625,0.0,0.041666666666666664,0.0,0.10256410256410256,0.11811521811521813,0.11264822134387352,0.04857142857142857,0.04849137931034483,0.06,0.03773584905660377,0.27802451172016396,0.06666666666666668,0.08991087344028521,0.44232544956692044,0.13942307692307693,0.06666666666666668,0.21743849934748938,0.0,0.0,0.09770923520923522,0.0,0.0,0.04,0.04134697357203751,0.0,0.03242835595776772,0.0,0.28719385189973423,0.05629877369007803,0.017241379310344827,0.0,0.0196078431372549,0.1087106943090716,0.037241379310344824,0.0,0.0,0.012987012987012988,0.0,0.05882352941176471,0.10722610722610723,0.0,0.0,0.029411764705882363,0.050556361877116596,0.0,0.238216618287373,0.0,0.0,0.18585736514125265,0.06378066378066378,0.038980509745127435,0.012987012987012988,0.0,0.0,0.012987012987012988,0.0625,0.3227623825449913,0.3576265268829087,0.02,0.017241379310344827,0.0,0.24512994252124684,0.0,0.10289710289710291,0.022222222222222227,0.2589751787002426,0.0,0.3651820486864362,0.10995670995670997,0.0,0.0,0.021739130434782608,0.0625,0.0,0.0,0.0,0.0,0.0625,0.0,0.05882352941176471,0.15309544107498071,0.0,0.0,0.0,0.022222222222222227,0.0196078431372549,0.06803887935963408,0.22489114322929032,0.029411764705882363,0.0,0.0,0.24568283981062886,0.07259485612426789,0.09090909090909091,0.0,0.09791666666666668,0.8062109505981135,0.07684922244759973,0.18171414263485874,0.06911928651059085,0.0196078431372549,0.0,0.0,0.2847033685268979,0.0,0.10666666666666669,0.0,0.0,0.0,0.0,0.0,0.0,0.0,0.0,0.2765100912159736,0.18642104998327555,0.0,0.05882352941176471,0.0,0.0,0.0,0.2618395088733082,0.05882352941176471,0.0,0.595235412212089,0.0,0.0,0.20381195956643525,0.0,0.0,0.02,0.030303030303030307,0.0,0.21949197895224884,0.0,0.11942984551680202,0.037241379310344824,0.6207802995526781,0.03773584905660377,0.0,0.2797248180086173,0.3294423966295196,0.0,0.04155844155844156,0.0,0.0,0.0,0.0,0.06666666666666668,0.05882352941176471,0.0,0.0,0.0625,0.0,0.475277889284066,0.0,0.11274509803921569,0.0,0.05570291777188329,0.0,0.27952380952380956,0.0,0.021739130434782608,0.0,0.14285714285714285,0.6460186758832838,0.0,0.022222222222222227,0.15833036279063267,0.037241379310344824,0.07857142857142857,0.025974025974025976,0.02,0.4111166611166611,0.21849376148344313,0.11889672249688897,0.0,0.08390804597701151,0.028571428571428567,0.0,0.26885264892340366,0.0,0.0,0.0,0.22669504408634844,0.0,0.0,0.11666666666666668,0.17070906854265175,0.07792513999410552,0.31803662209714667,0.028571428571428567,0.08695652173913043,0.0,0.3911745088993965,0.0196078431372549,0.14285714285714285,0.043290043290043295,0.0,0.0,0.0,0.0,0.0865546218487395,0.0,0.030303030303030307,0.0,0.0,0.0,0.5429156568040984,0.0,0.1891716127010245,0.0,0.16991293730424165,0.13699737184753835,0.31639905384470607,0.0,0.0,0.08197286204361676,0.0625,0.0625,0.0,0.0,0.34347741141581317,0.02,0.0,0.35030642560054326,0.038461538461538464,0.0,0.1588733322630525,0.030303030303030307,0.0,0.0,0.0,0.2050799019576028,0.44001306165099263,0.0,0.03773584905660377,0.02564102564102564,0.017241379310344827,0.0,0.0,0.028571428571428567,0.03773584905660377,0.0,0.0,0.0,0.15993393832365854,0.0,0.0,0.05,0.05846153846153847,0.0,0.0,0.0,0.22209931885847536,0.28815669624493156,0.06666666666666668,0.14285714285714285,0.050228392297357816,0.22846778221778224
2,0.0,0.0,0.0,0.0,0.0,0.0,0.0,0.0,0.0,0.0,0.0,0.0,0.0,0.0,0.0,0.0,0.0,0.0,0.0,0.0,0.0,0.0,0.0,0.0,0.0,0.0,0.0,0.0,0.0,0.0,0.0,0.0,0.0,0.0,0.0,0.0,0.0,0.0,0.0,0.0,0.0,0.0,0.0,0.0,0.0,0.0,0.0,0.0,0.0,0.0,0.25,0.0,0.0,0.0,0.0,0.0,0.0,0.0,0.0,0.0,0.0,0.25,0.0,0.0,0.0,0.0,0.0,0.0,0.0,0.0,0.0,0.0,0.0,0.0,0.0,0.0,0.0,0.0,0.0,0.0,0.0,0.0,0.0,0.0,0.0,0.0,0.0,0.0,0.0,0.0,0.0,0.0,0.0,0.0,0.0,0.0,0.0,0.0,0.0,0.0,0.0,0.0,0.0,0.0,0.0,0.0,0.0,0.0,0.0,0.25,0.0,0.0,0.0,0.0,0.0,0.0,0.0,0.0,0.0,0.0,0.0,0.0,0.0,0.0,0.0,0.0,0.0,0.0,0.0,0.0,0.0,0.0,0.0,0.0,0.0,0.0,0.0,0.0,0.0,0.0,0.0,0.0,0.0,0.0,0.0,0.0,0.0,0.0,0.0,0.0,0.0,0.0,0.0,0.0,0.0,0.0,0.0,0.0,0.0,0.0,0.0,0.0,0.0,0.0,0.0,0.0,0.0,0.0,0.0,0.0,0.0,0.0,0.0,0.0,0.0,0.0,0.0,0.0,0.0,0.0,0.0,0.0,0.0,0.0,0.0,0.0,0.0,0.0,0.0,0.0,0.0,0.0,0.0,0.0,0.0,0.0,0.0,0.0,0.0,0.0,0.0,0.0,0.0,0.0,0.0,0.0,0.0,0.0,0.0,0.0,0.0,0.0,0.0,0.0,0.0,0.0,0.0,0.0,0.0,0.0,0.0,0.0,0.0,0.0,0.0,0.0,0.0,0.0,0.0,0.0,0.0,0.0,0.0,0.0,0.0,0.0,0.0,0.0,0.0,0.0,0.0,0.25,0.0,0.0,0.0,0.0,0.0,0.0,0.0,0.0,0.0,0.0,0.0,0.0,0.0,0.0,0.0,0.0,0.0,0.0,0.0,0.0,0.0,0.0,0.0,0.0,0.0,0.0,0.0,0.0,0.0,0.0,0.0,0.0,0.0,0.0,0.0,0.0,0.0,0.0,0.0,0.0,0.0,0.0,0.0,0.0,0.0,0.0,0.0,0.0,0.0,0.0,0.0,0.0,0.0,0.0,0.0,0.0,0.0,0.0,0.0,0.0,0.0,0.0,0.0,0.0,0.0,0.0,0.0,0.0,0.0,0.0,0.0,0.0,0.0,0.0,0.0,0.0,0.0,0.0,0.0,0.0,0.0,0.0,0.0,0.0,0.0,0.0,0.0,0.0,0.0,0.0,0.0,0.0,0.0,0.0
3,0.027027027027027032,0.0,0.0,0.0,0.0,0.0,0.19545454545454544,0.07142857142857142,0.0,0.045454545454545456,0.18181818181818185,0.0,0.16264822134387352,0.1810810810810811,0.0625,0.0,0.0,0.10263157894736842,0.09090909090909093,0.0,0.18043611793611797,0.14090909090909093,0.5978472614342181,0.0625,0.0,0.0,0.0,0.0,0.0,0.0,0.05263157894736842,0.05555555555555555,0.0,0.021739130434782608,0.0,0.0,0.027027027027027032,0.0,0.0,0.0,0.11579318448883669,0.027027027027027032,0.0,0.0,0.05555555555555555,0.0,0.07142857142857142,0.0,0.09090909090909093,0.0,0.0,0.09090909090909093,0.0,0.07142857142857142,0.0,0.0,0.0,0.0,0.0,0.0,0.0,0.26440076440076443,0.027027027027027032,0.0,0.0,0.0,0.1342391304347826,0.0,0.2511222473178995,0.0,0.0,0.0,0.0,0.0,0.0,0.0,0.0,0.0,0.1,0.8177507876535336,0.2737593324549846,0.0,0.0,0.0,0.0,0.0,0.0,0.021739130434782608,0.0,0.06719367588932806,0.36316692186257404,0.0,0.0,0.021739130434782608,0.0,0.11793611793611795,0.0,0.0,0.0,0.0,0.0,0.0,0.0,0.0,0.0,0.0,0.05555555555555555,0.0,0.07142857142857142,0.1843217130173652,0.07142857142857142,0.0,0.0,0.0,0.0,0.0,0.0,0.027027027027027032,0.0,0.045454545454545456,0.0,0.045454545454545456,0.0,0.0,0.0,0.2536583223539745,0.027027027027027032,0.2693233082706767,0.0,0.0,0.08423913043478261,0.198187134502924,0.0,0.0,0.0,0.0,0.0,0.12142857142857143,0.0,0.0,0.021739130434782608,0.3934290746361685,0.05555555555555555,0.11264822134387353,0.05263157894736842,0.0,0.0,0.0,0.021739130434782608,0.05555555555555555,0.045454545454545456,0.0,0.0,0.0,0.0,0.0,0.0,0.0,0.0,0.08423913043478261,0.0,0.0,0.04,0.08,0.0,0.0,0.0,0.11793611793611795,0.05,0.0,0.18438735177865614,0.0,0.05263157894736842,0.04,0.0,0.0,0.0,0.0,0.0,0.17045454545454547,0.0,0.14285714285714285,0.0,0.0,0.0,0.0,0.0,0.0,0.0,0.0,0.14354066985645936,0.0,0.0,0.0,0.05263157894736842,0.05,0.05263157894736842,0.1567207029163551,0.0,0.0,0.027027027027027032,0.0,0.04,0.0,0.0,0.021739130434782608,0.0,0.0,0.0,0.0,0.0,0.0,0.04,0.0,0.0,0.0,0.09090909090909093,0.021739130434782608,0.0,0.0,0.0,0.0,0.0,0.021739130434782608,0.0,0.0,0.0,0.0,0.0,0.0,0.1125,0.0,0.0,0.0,0.0,0.0,0.4541083667399457,0.0,0.0,0.0,0.0,0.341103819799472,0.0,0.0625,0.05,0.0,0.0,0.0,0.0,0.045454545454545456,0.0,0.0,0.0,0.0,0.0,0.0,0.25412330031895247,0.0,0.0,0.05263157894736842,0.0,0.0,0.0,0.0,0.0,0.054054054054054064,0.6579298440168005,0.09090909090909093,0.0,0.0,0.09090909090909093,0.07965860597439545,0.0,0.1111111111111111,0.021739130434782608,0.0,0.12019472889038106,0.0,0.04,0.09876615746180964,0.0,0.0,0.0,0.0,0.0,0.0,0.021739130434782608,0.07142857142857142,0.0,0.0,0.021739130434782608,0.0,0.0,0.0,0.0,0.3305843392799915,0.0,0.07142857142857142,0.10719367588932807,0.0,0.0,0.045454545454545456,0.0,0.027027027027027032,0.09316770186335403,0.0,0.0,0.0,0.0,0.19285714285714284,0.0,0.0,0.15702702702702703,0.0,0.0,0.0,0.04,0.0,0.0,0.0,0.0,0.0,0.045454545454545456,0.0,0.0,0.35578185841343735,0.11729468599033815,0.0,0.0,0.0,0.12142857142857143,0.09316770186335403,0.09090909090909093,0.0,0.05,0.07142857142857142
4,0.0,0.0,0.0,0.0,0.0,0.0,0.0,0.0,0.0,0.0,0.2,0.0,0.0,0.0,0.0,0.0,0.0,0.0,0.0,0.0,0.0,0.0,0.0,0.0,0.0,0.0,0.0,0.0,0.0,0.0,0.0,0.0,0.0,0.0,0.0,0.0,0.0,0.0,0.0,0.0,0.0,0.0,0.0,0.0,0.0,0.0,0.0,0.0,0.0,0.0,0.0,0.0,0.0,0.0,0.0,0.0,0.0,0.0,0.0,0.0,0.0,0.0,0.0,0.0,0.0,0.0,0.0,0.0,0.0,0.0,0.0,0.0,0.0,0.0,0.0,0.0,0.0,0.0,0.0,0.0,0.0,0.0,0.0,0.0,0.0,0.0,0.0,0.0,0.0,0.0,0.0,0.0,0.0,0.0,0.0,0.0,0.0,0.0,0.0,0.0,0.0,0.0,0.0,0.0,0.0,0.0,0.0,0.0,0.0,0.0,0.0,0.0,0.0,0.0,0.0,0.0,0.0,0.0,0.0,0.0,0.0,0.2,0.0,0.0,0.0,0.0,0.0,0.0,0.0,0.0,0.0,0.0,0.0,0.0,0.0,0.0,0.0,0.0,0.0,0.0,0.0,0.0,0.0,0.0,0.0,0.0,0.0,0.0,0.0,0.0,0.0,0.0,0.0,0.0,0.0,0.0,0.0,0.0,0.0,0.0,0.0,0.0,0.0,0.0,0.0,0.0,0.0,0.0,0.0,0.0,0.0,0.0,0.0,0.0,0.0,0.0,0.0,0.0,0.0,0.0,0.0,0.0,0.0,0.0,0.0,0.0,0.0,0.0,0.0,0.0,0.0,0.0,0.0,0.0,0.0,0.0,0.0,0.0,0.0,0.0,0.0,0.0,0.0,0.0,0.0,0.0,0.0,0.0,0.0,0.0,0.0,0.0,0.0,0.0,0.0,0.0,0.0,0.0,0.0,0.0,0.0,0.0,0.0,0.0,0.0,0.0,0.0,0.0,0.0,0.0,0.6,0.0,0.0,0.0,0.0,0.0,0.0,0.0,0.0,0.0,0.0,0.0,0.0,0.0,0.0,0.0,0.0,0.0,0.0,0.0,0.0,0.0,0.0,0.0,0.0,0.0,0.0,0.0,0.0,0.0,0.0,0.0,0.0,0.0,0.0,0.0,0.0,0.0,0.0,0.0,0.0,0.0,0.0,0.0,0.0,0.0,0.0,0.0,0.0,0.0,0.0,0.0,0.0,0.0,0.0,0.0,0.0,0.0,0.0,0.0,0.0,0.0,0.0,0.0,0.0,0.0,0.0,0.0,0.0,0.0,0.0,0.0,0.0,0.0,0.0,0.0,0.0,0.0,0.0,0.0,0.0,0.0,0.0,0.0,0.0,0.0,0.0,0.0,0.0,0.0,0.0,0.0,0.0,0.0,0.0,0.0,0.0,0.0,0.0,0.0,0.0,0.0,0.0,0.0,0.0,0.0
5,0.0,0.0,0.0,0.0,0.0,0.0,0.3333333333333333,0.0,0.0,0.0,0.0,0.0,0.0,0.0,0.0,0.0,0.0,0.0,0.0,0.0,0.0,0.0,0.0,0.0,0.0,0.0,0.0,0.0,0.0,0.0,0.0,0.0,0.0,0.0,0.0,0.0,0.0,0.0,0.0,0.0,0.0,0.0,0.0,0.0,0.0,0.0,0.0,0.0,0.0,0.0,0.3333333333333333,0.0,0.0,0.0,0.0,0.0,0.0,0.0,0.0,0.0,0.0,0.0,0.0,0.0,0.0,0.0,0.0,0.0,0.0,0.0,0.0,0.0,0.0,0.0,0.0,0.0,0.0,0.0,0.0,0.0,0.0,0.0,0.0,0.0,0.0,0.0,0.0,0.0,0.0,0.0,0.0,0.0,0.0,0.0,0.0,0.0,0.0,0.0,0.0,0.0,0.0,0.0,0.0,0.0,0.0,0.0,0.0,0.0,0.0,0.0,0.0,0.0,0.0,0.0,0.0,0.0,0.0,0.0,0.0,0.0,0.0,0.0,0.0,0.0,0.0,0.0,0.0,0.0,0.0,0.0,0.0,0.0,0.0,0.0,0.0,0.0,0.0,0.0,0.0,0.0,0.0,0.0,0.0,0.0,0.0,0.0,0.0,0.0,0.0,0.0,0.0,0.0,0.0,0.0,0.0,0.0,0.0,0.0,0.0,0.0,0.0,0.0,0.0,0.0,0.0,0.0,0.0,0.0,0.0,0.0,0.0,0.0,0.0,0.0,0.0,0.0,0.0,0.0,0.0,0.0,0.0,0.0,0.0,0.0,0.0,0.0,0.0,0.0,0.0,0.0,0.0,0.0,0.0,0.0,0.0,0.0,0.0,0.0,0.0,0.0,0.0,0.0,0.0,0.0,0.0,0.0,0.0,0.0,0.0,0.0,0.0,0.0,0.0,0.0,0.0,0.0,0.0,0.0,0.0,0.0,0.0,0.0,0.0,0.0,0.0,0.0,0.0,0.0,0.0,0.0,0.0,0.0,0.0,0.0,0.0,0.0,0.0,0.0,0.0,0.0,0.0,0.0,0.0,0.0,0.0,0.0,0.0,0.0,0.0,0.0,0.0,0.0,0.0,0.0,0.0,0.0,0.3333333333333333,0.0,0.0,0.0,0.0,0.0,0.0,0.0,0.0,0.0,0.0,0.0,0.0,0.0,0.0,0.0,0.0,0.0,0.0,0.0,0.0,0.0,0.0,0.0,0.0,0.0,0.0,0.0,0.0,0.0,0.0,0.0,0.0,0.0,0.0,0.0,0.0,0.0,0.0,0.0,0.0,0.0,0.0,0.0,0.0,0.0,0.0,0.0,0.0,0.0,0.0,0.0,0.0,0.0,0.0,0.0,0.0,0.0,0.0,0.0,0.0,0.0,0.0,0.0,0.0,0.0,0.0,0.0,0.0,0.0,0.0,0.0,0.0,0.0,0.0,0.0,0.0,0.0,0.0,0.0
6,0.0,0.3176354489164087,0.0,0.0,0.0,0.0,0.6213466710545885,0.0,0.0,0.0,0.0,0.0,0.11985155195681513,0.09462719298245614,0.0,0.0,0.0,0.0,0.029411764705882363,0.017543859649122806,0.24096709534016036,0.1278841769265846,0.14427748578011376,0.0,0.0,0.0,0.0,0.0,0.0,0.0,0.0,0.058333333333333334,0.0,0.0,0.0,0.02325581395348837,0.10611842105263158,0.15399122807017546,0.025,0.03315789473684211,0.11087719298245613,0.043478260869565216,0.0,0.0,0.0,0.0,0.12421558704453442,0.025,0.0,0.0,0.0565891472868217,0.02325581395348837,0.0,0.28314988811193187,0.0,0.0,0.10249601003191974,0.0,0.0,0.0,0.0,0.11316176470588235,0.0,0.020416666666666666,0.0,0.0,1.544449836986984,0.017543859649122806,0.451767724018743,0.03315789473684211,0.0,0.0,0.0,0.0,0.0,0.0,0.02564102564102564,0.0,0.0,0.08992248062015505,0.7134888685323933,0.03315789473684211,0.0,0.01,0.0,0.0,0.19663615560640732,0.17445562435500517,0.02325581395348837,0.0,0.03333333333333333,0.0,0.0,0.0,0.0,0.06939102564102564,0.0,0.05,0.0,0.03315789473684211,0.06399122807017545,0.0,0.0,0.0,0.0,0.0,0.0,0.0,0.0,0.204527665317139,0.0,0.0,0.0,0.0,0.0,0.0,0.0,0.0,0.0,0.03512254901960784,0.0,0.07634278002699055,0.0,0.0,0.08441176470588237,0.013157894736842105,0.08011351909184727,0.13246001031991747,0.0,0.0,0.0,0.0,0.0,0.0,0.0,0.0,0.0,0.1137859997120023,0.0,0.06641370869033048,0.07929510155316606,0.142249742002064,0.0,0.20464200954713285,0.043478260869565216,0.0,0.0,0.014705882352941175,0.0,0.08400098390610725,0.12102212051868802,0.0,0.0,0.0,0.0,0.15384615384615385,0.1116289592760181,0.0,0.013157894736842105,0.0,0.0,0.0,0.0,0.33875379179762266,0.130512611813084,0.0,0.0,0.14654484355523006,0.050701754385964914,0.0,0.0,0.10400098390610724,0.49552304689089377,0.12196151022189672,0.2515749574003408,0.043478260869565216,0.0,0.2650077399380805,0.10798632610939113,0.0,0.0,0.0,0.0,0.0,0.03333333333333333,0.043478260869565216,0.0,0.0,0.0,0.1494000347997216,0.09230769230769231,0.02325581395348837,0.0,0.0,0.0,0.01,0.06666666666666668,0.22512094057093696,0.05450581395348837,0.0,0.33619734018141084,0.10964200954713288,0.017543859649122806,0.11574948400412798,0.0,0.0,0.014705882352941175,0.0,0.0,0.06815789473684211,0.08400098390610725,0.02,0.0,0.03315789473684211,0.02564102564102564,0.0,0.06389492753623188,0.09947368421052633,0.0,0.05360155195681511,0.0,0.03315789473684211,0.0,0.08017533936651584,0.0,0.017543859649122806,0.0,0.03333333333333333,0.0,0.017543859649122806,0.0,0.0,0.02325581395348837,0.0,0.017543859649122806,0.07636738906088752,0.09970588235294117,0.0,0.03315789473684211,0.0,0.0,0.3885651735241399,0.0,0.03315789473684211,0.2437686344663089,0.0,0.06102212051868802,0.0,0.05818414322250639,0.0,0.043478260869565216,0.0,0.043478260869565216,0.02512254901960784,0.043478260869565216,0.0,0.02564102564102564,0.08400098390610725,0.0,0.0,0.0,0.0,0.0,0.0,0.11269384791409963,0.045,0.32294914587171597,0.0,0.15384615384615385,0.014705882352941175,0.31592730440952177,0.08224974200206397,0.0,0.4174662618083671,0.0,0.2412421400628795,0.07651821862348178,0.0,0.01,0.04564102564102564,0.11016370869033049,0.0,0.0,0.0,0.03315789473684211,0.0,0.3028081090735889,0.0,0.046963946869070204,0.2236015519568151,0.05641370869033047,0.0,0.025,0.22962908888126746,0.0,0.06911928651059085,0.20437071449916694,0.0,0.1361971104231166,0.0,0.0,0.06847826086956521,0.010416666666666666,0.0,0.025,0.0,0.0,0.0,0.050701754385964914,0.03315789473684211,0.1488798920377868,0.0,0.0,0.0,0.0,0.02325581395348837,0.11433424532603739,0.010416666666666666,0.0,0.0,0.0,0.0,0.01,0.0,0.10967611336032387,0.08421052631578949,0.0,0.0,0.0,0.0,0.0,0.12654484355523005,0.0,0.03315789473684211,0.24478529763159745,0.0
7,0.0,0.0,0.0,0.0,0.0,0.0,0.0,0.0,0.0,0.0,0.0,0.0,0.0,0.0,0.0,0.0,0.0,0.0,0.0,0.0,0.0,0.0,0.1,0.0,0.0,0.0,0.0,0.0,0.0,0.0,0.0,0.0,0.0,0.0,0.0,0.1,0.0,0.0,0.0,0.0,0.0,0.0,0.0,0.0,0.0,0.0,0.0,0.0,0.0,0.0,0.0,0.0,0.0,0.0,0.0,0.0,0.0,0.0,0.0,0.0,0.0,0.0,0.0,0.0,0.0,0.0,0.0,0.0,0.0,0.0,0.0,0.0,0.0,0.0,0.0,0.0,0.0,0.0,0.0,0.0,0.0,0.0,0.0,0.0,0.0,0.0,0.0,0.0,0.0,0.0,0.0,0.0,0.0,0.0,0.0,0.1,0.0,0.0,0.0,0.0,0.0,0.0,0.0,0.0,0.1,0.0,0.0,0.0,0.0,0.0,0.0,0.0,0.0,0.1,0.0,0.0,0.0,0.0,0.0,0.0,0.0,0.0,0.0,0.0,0.0,0.0,0.0,0.0,0.0,0.0,0.0,0.0,0.0,0.0,0.0,0.0,0.0,0.0,0.0,0.0,0.0,0.0,0.0,0.0,0.0,0.0,0.0,0.0,0.0,0.0,0.0,0.0,0.0,0.0,0.0,0.0,0.0,0.0,0.0,0.0,0.0,0.0,0.0,0.0,0.0,0.0,0.0,0.0,0.0,0.0,0.0,0.0,0.0,0.0,0.0,0.0,0.0,0.0,0.0,0.0,0.0,0.0,0.0,0.0,0.0,0.0,0.0,0.0,0.0,0.0,0.0,0.0,0.0,0.0,0.0,0.0,0.0,0.0,0.0,0.0,0.0,0.0,0.0,0.0,0.0,0.0,0.0,0.0,0.0,0.0,0.0,0.0,0.0,0.0,0.0,0.0,0.0,0.0,0.0,0.0,0.0,0.0,0.0,0.0,0.0,0.0,0.0,0.0,0.0,0.0,0.0,0.0,0.0,0.0,0.0,0.0,0.0,0.0,0.0,0.0,0.0,0.0,0.0,0.0,0.0,0.0,0.0,0.0,0.0,0.0,0.0,0.0,0.0,0.0,0.0,0.0,0.0,0.0,0.0,0.0,0.0,0.0,0.0,0.0,0.0,0.0,0.0,0.0,0.0,0.0,0.5,0.0,0.0,0.0,0.0,0.0,0.0,0.0,0.0,0.0,0.0,0.0,0.0,0.0,0.0,0.0,0.0,0.0,0.0,0.0,0.0,0.0,0.0,0.0,0.0,0.0,0.0,0.0,0.0,0.0,0.0,0.0,0.0,0.0,0.0,0.0,0.0,0.0,0.0,0.0,0.0,0.0,0.0,0.0,0.0,0.0,0.0,0.0,0.0,0.0,0.0,0.0,0.0,0.0,0.0,0.0,0.0,0.0,0.0,0.0,0.0,0.0,0.0,0.0,0.0,0.0
8,0.0,0.0,0.0,0.0,0.0,0.0,0.0,0.0,0.0,0.0,0.0,0.0,0.0,0.0,0.0,0.0,0.0,0.0,0.0,0.0,0.0,0.0,0.0,0.0,0.0,0.0,0.6666666666666666,0.0,0.0,0.0,0.0,0.0,0.0,0.0,0.0,0.0,0.0,0.0,0.0,0.0,0.0,0.0,0.0,0.0,0.0,0.0,0.0,0.0,0.0,0.0,0.0,0.0,0.0,0.0,0.0,0.0,0.0,0.0,0.0,0.0,0.0,0.0,0.0,0.0,0.0,0.0,0.0,0.0,0.0,0.0,0.0,0.0,0.0,0.0,0.0,0.0,0.0,0.0,0.0,0.0,0.0,0.0,0.0,0.0,0.0,0.0,0.0,0.0,0.0,0.0,0.0,0.0,0.0,0.0,0.0,0.0,0.0,0.0,0.0,0.0,0.0,0.0,0.0,0.0,0.0,0.0,0.0,0.0,0.0,0.0,0.0,0.0,0.0,0.0,0.0,0.0,0.0,0.0,0.0,0.0,0.0,0.0,0.0,0.0,0.0,0.0,0.0,0.0,0.0,0.0,0.0,0.0,0.0,0.0,0.0,0.0,0.0,0.0,0.0,0.0,0.0,0.0,0.0,0.0,0.0,0.0,0.0,0.0,0.0,0.0,0.0,0.0,0.0,0.0,0.0,0.06666666666666668,0.0,0.0,0.0,0.0,0.0,0.0,0.0,0.0,0.0,0.0,0.0,0.0,0.0,0.0,0.0,0.0,0.0,0.0,0.0,0.0,0.0,0.0,0.0,0.0,0.0,0.0,0.0,0.0,0.0,0.0,0.0,0.0,0.0,0.0,0.0,0.0,0.0,0.0,0.0,0.0,0.0,0.0,0.0,0.0,0.0,0.0,0.0,0.0,0.0,0.0,0.0,0.0,0.0,0.0,0.0,0.0,0.0,0.0,0.0,0.0,0.0,0.0,0.0,0.0,0.0,0.0,0.0,0.0,0.0,0.0,0.0,0.0,0.0,0.0,0.0,0.0,0.0,0.0,0.0,0.0,0.0,0.0,0.0,0.0,0.0,0.0,0.0,0.0,0.0,0.0,0.0,0.0,0.0,0.0,0.0,0.0,0.0,0.0,0.0,0.0,0.0,0.0,0.0,0.0,0.0,0.0,0.0,0.0,0.0,0.0,0.0,0.0,0.0,0.0,0.0,0.0,0.0,0.0,0.0,0.0,0.0,0.0,0.0,0.0,0.0,0.0,0.0,0.0,0.0,0.0,0.06666666666666668,0.0,0.0,0.0,0.0,0.0,0.0,0.0,0.0,0.0,0.0,0.06666666666666668,0.0,0.0,0.0,0.0,0.0,0.0,0.0,0.0,0.0,0.0,0.0,0.0,0.0,0.0,0.0,0.0,0.0,0.0,0.0,0.13333333333333333,0.0,0.0,0.0,0.0,0.0,0.0,0.0,0.0,0.0,0.0,0.0,0.0,0.0,0.0,0.0,0.0,0.0,0.0
9,0.0,0.0,0.0,0.0,0.0,0.0,0.0,0.0,0.0,0.0,0.0,0.0,0.0,0.0,0.0,0.0,0.0,0.0,0.0,0.0,0.0,0.0,0.0,0.0,0.0,0.0,0.0,0.0,0.0,0.0,0.0,0.0,0.0,0.0,0.0,0.0,0.0,0.0,0.0,0.0,0.0,0.0,0.0,0.0,0.0,0.0,0.0,0.0,0.0,0.0,0.0,0.0,0.0,0.0,0.0,0.0,0.0,0.0,0.0,0.0,0.0,0.5,0.0,0.0,0.0,0.0,0.0,0.0,0.0,0.0,0.0,0.0,0.0,0.0,0.0,0.0,0.0,0.0,0.0,0.0,0.0,0.0,0.0,0.0,0.0,0.0,0.0,0.0,0.0,0.0,0.0,0.0,0.0,0.0,0.0,0.0,0.0,0.0,0.0,0.0,0.0,0.0,0.0,0.0,0.0,0.0,0.0,0.0,0.0,0.0,0.0,0.0,0.0,0.0,0.0,0.0,0.0,0.0,0.0,0.0,0.0,0.0,0.0,0.0,0.0,0.0,0.0,0.0,0.0,0.0,0.0,0.0,0.0,0.0,0.0,0.0,0.0,0.0,0.0,0.0,0.0,0.0,0.0,0.0,0.0,0.0,0.0,0.0,0.0,0.0,0.0,0.0,0.0,0.0,0.0,0.0,0.0,0.0,0.0,0.0,0.0,0.0,0.0,0.0,0.0,0.0,0.0,0.0,0.0,0.0,0.0,0.0,0.0,0.0,0.0,0.0,0.0,0.0,0.0,0.0,0.0,0.0,0.0,0.0,0.0,0.0,0.0,0.0,0.0,0.0,0.0,0.0,0.0,0.0,0.0,0.0,0.0,0.0,0.0,0.0,0.0,0.0,0.0,0.0,0.0,0.0,0.0,0.0,0.0,0.0,0.0,0.0,0.0,0.0,0.0,0.0,0.0,0.0,0.0,0.0,0.0,0.0,0.0,0.0,0.0,0.0,0.0,0.0,0.0,0.0,0.0,0.0,0.0,0.0,0.0,0.0,0.0,0.0,0.0,0.0,0.0,0.0,0.0,0.0,0.0,0.0,0.0,0.0,0.0,0.0,0.0,0.0,0.0,0.0,0.0,0.0,0.0,0.0,0.0,0.0,0.0,0.0,0.0,0.0,0.0,0.0,0.0,0.0,0.0,0.0,0.0,0.0,0.0,0.0,0.0,0.0,0.0,0.0,0.0,0.0,0.0,0.0,0.0,0.0,0.0,0.0,0.5,0.0,0.0,0.0,0.0,0.0,0.0,0.0,0.0,0.0,0.0,0.0,0.0,0.0,0.0,0.0,0.0,0.0,0.0,0.0,0.0,0.0,0.0,0.0,0.0,0.0,0.0,0.0,0.0,0.0,0.0,0.0,0.0,0.0,0.0,0.0,0.0,0.0,0.0,0.0,0.0,0.0,0.0,0.0,0.0,0.0,0.0,0.0,0.0,0.0
10,0.0,0.0,0.0,0.0,0.0,0.0,0.0,0.0,0.0,0.0,0.0,0.0,0.0,0.0,0.0,0.0,0.0,0.0,0.0,0.0,0.0,0.0,0.0,0.0,0.0,0.0,0.0,0.0,0.0,0.0,0.0,0.0,0.0,0.0,0.0,0.0,0.0,0.0,0.0,0.0,0.0,0.0,0.0,0.0,0.0,0.0,0.0,0.0,0.0,0.0,0.0,0.5,0.0,0.0,0.0,0.0,0.0,0.0,0.0,0.0,0.0,0.0,0.0,0.0,0.0,0.0,0.0,0.0,0.0,0.0,0.0,0.0,0.0,0.0,0.0,0.0,0.0,0.0,0.0,0.0,0.0,0.0,0.0,0.0,0.0,0.0,0.0,0.0,0.0,0.0,0.0,0.0,0.0,0.0,0.0,0.0,0.0,0.0,0.0,0.0,0.0,0.0,0.0,0.0,0.0,0.0,0.0,0.0,0.0,0.0,0.0,0.5,0.0,0.0,0.0,0.0,0.0,0.0,0.0,0.0,0.0,0.0,0.0,0.0,0.0,0.0,0.0,0.0,0.0,0.0,0.0,0.0,0.0,0.0,0.0,0.0,0.0,0.0,0.0,0.0,0.0,0.0,0.0,0.0,0.0,0.0,0.0,0.0,0.0,0.0,0.0,0.0,0.0,0.0,0.0,0.0,0.0,0.0,0.0,0.0,0.0,0.0,0.0,0.0,0.0,0.0,0.0,0.0,0.0,0.0,0.0,0.0,0.0,0.0,0.0,0.0,0.0,0.0,0.0,0.0,0.0,0.0,0.0,0.0,0.0,0.0,0.0,0.0,0.0,0.0,0.0,0.0,0.0,0.0,0.0,0.0,0.0,0.0,0.0,0.0,0.0,0.0,0.0,0.0,0.0,0.0,0.0,0.0,0.0,0.0,0.0,0.0,0.0,0.0,0.0,0.0,0.0,0.0,0.0,0.0,0.0,0.0,0.0,0.0,0.0,0.0,0.0,0.0,0.0,0.0,0.0,0.0,0.0,0.0,0.0,0.0,0.0,0.0,0.0,0.0,0.0,0.0,0.0,0.0,0.0,0.0,0.0,0.0,0.0,0.0,0.0,0.0,0.0,0.0,0.0,0.0,0.0,0.0,0.0,0.0,0.0,0.0,0.0,0.0,0.0,0.0,0.0,0.0,0.0,0.0,0.0,0.0,0.0,0.0,0.0,0.0,0.0,0.0,0.0,0.0,0.0,0.0,0.0,0.0,0.0,0.0,0.0,0.0,0.0,0.0,0.0,0.0,0.0,0.0,0.0,0.0,0.0,0.0,0.0,0.0,0.0,0.0,0.0,0.0,0.0,0.0,0.0,0.0,0.0,0.0,0.0,0.0,0.0,0.0,0.0,0.0,0.0,0.0,0.0,0.0,0.0,0.0,0.0,0.0,0.0,0.0,0.0,0.0,0.0,0.0,0.0,0.0,0.0,0.0,0.0,0.0
11,0.0,0.0,0.0,0.0,0.0,0.0,0.1,0.0,0.0,0.0,0.0,0.0,0.0,0.0,0.0,0.0,0.0,0.0,0.0,0.07692307692307693,0.0,0.0,0.0,0.0,0.0,0.0,0.0,0.0,0.0,0.0,0.0,0.0,0.0,0.0,0.0,0.0,0.17692307692307693,0.0,0.0,0.0,0.0,0.0,0.0,0.0,0.0,0.0,0.0,0.0,0.0,0.0,0.0,0.0,0.0,0.07692307692307693,0.0,0.0,0.0,0.0,0.0,0.0,0.0,0.0,0.0,0.0,0.0,0.0,0.0,0.0,0.25384615384615383,0.0,0.0,0.17692307692307693,0.0,0.0,0.0,0.0,0.0,0.0,0.0,0.0,0.0,0.0,0.0,0.0,0.0,0.0,0.0,0.0,0.0,0.0,0.0,0.0,0.0,0.0,0.0,0.0,0.0,0.0,0.0,0.0,0.0,0.0,0.0,0.0,0.0,0.0,0.0,0.0,0.0,0.07692307692307693,0.0,0.0,0.0,0.0,0.0,0.0,0.0,0.0,0.0,0.0,0.0,0.07692307692307693,0.0,0.0,0.0,0.0,0.0,0.0,0.0,0.0,0.0,0.0,0.0,0.0,0.0,0.0,0.0,0.0,0.0,0.0,0.0,0.0,0.0,0.0,0.0,0.0,0.0,0.0,0.0,0.0,0.0,0.0,0.0,0.0,0.0,0.0,0.25384615384615383,0.0,0.0,0.0,0.0,0.0,0.0,0.1,0.0,0.0,0.0,0.0,0.0,0.0,0.0,0.0,0.0,0.0,0.0,0.0,0.0,0.0,0.0,0.0,0.0,0.0,0.0,0.0,0.0,0.0,0.17692307692307693,0.0,0.0,0.0,0.0,0.0,0.0,0.0,0.0,0.0,0.0,0.0,0.0,0.0,0.0,0.0,0.0,0.0,0.0,0.0,0.0,0.0,0.0,0.0,0.0,0.17692307692307693,0.0,0.1,0.0,0.0,0.0,0.0,0.0,0.0,0.0,0.0,0.0,0.0,0.0,0.0,0.0,0.0,0.0,0.0,0.0,0.0,0.0,0.0,0.0,0.0,0.0,0.0,0.0,0.0,0.0,0.0,0.0,0.0,0.0,0.0,0.0,0.0,0.0,0.0,0.0,0.0,0.0,0.0,0.0,0.0,0.0,0.0,0.0,0.0,0.0,0.0,0.0,0.0,0.0,0.0,0.0,0.17692307692307693,0.0,0.0,0.0,0.0,0.0,0.0,0.0,0.0,0.0,0.0,0.0,0.0,0.0,0.0,0.0,0.0,0.0,0.0,0.0,0.0,0.0,0.0,0.0,0.0,0.0,0.0,0.0,0.0,0.0,0.0,0.0,0.0,0.0,0.0,0.0,0.0,0.0,0.0,0.0,0.0,0.0,0.0,0.0,0.0,0.0,0.0,0.0,0.0,0.0,0.0,0.0,0.0,0.0,0.0,0.0,0.0,0.0,0.0,0.0,0.0,0.0,0.0,0.0,0.0,0.0,0.0,0.0,0.0
12,0.0,0.0,0.0,0.0,0.0,0.0,0.09090909090909093,0.0,0.0,0.0,0.0,0.0,0.0,0.0,0.0,0.0,0.0,0.0,0.0,0.0,0.0,0.0,0.0,0.0,0.0,0.0,0.0,0.0,0.0,0.0,0.0,0.0,0.0,0.0,0.0,0.0,0.0,0.0,0.0,0.0,0.0,0.0,0.0,0.0,0.0,0.0,0.0,0.0,0.0,0.0,0.0,0.0,0.0,0.0,0.0,0.0,0.0,0.0,0.0,0.0,0.0,0.0,0.0,0.0,0.0,0.0,0.0,0.0,0.0,0.0,0.0,0.0,0.0,0.0,0.0,0.0,0.0,0.0,0.0,0.0,0.0,0.0,0.0,0.0,0.0,0.0,0.0,0.0,0.0,0.0,0.0,0.0,0.0,0.0,0.0,0.0,0.0,0.0,0.0,0.0,0.0,0.0,0.0,0.0,0.0,0.0,0.0,0.0,0.0,0.0,0.0,0.0,0.0,0.0,0.0,0.0,0.0,0.0,0.0,0.0,0.0,0.0,0.0,0.0,0.0,0.2727272727272727,0.0,0.09090909090909093,0.0,0.0,0.0,0.0,0.0,0.0,0.0,0.0,0.0,0.0,0.0,0.0,0.0,0.0,0.0,0.0,0.0,0.0,0.0,0.0,0.0,0.0,0.0,0.0,0.0,0.0,0.0,0.0,0.0,0.0,0.0,0.0,0.0,0.0,0.0,0.18181818181818185,0.0,0.0,0.0,0.09090909090909093,0.09090909090909093,0.0,0.0,0.0,0.0,0.0,0.0,0.0,0.0,0.0,0.0,0.0,0.0,0.0,0.0,0.0,0.0,0.0,0.0,0.0,0.0,0.0,0.0,0.0,0.0,0.0,0.0,0.0,0.0,0.0,0.0,0.0,0.0,0.0,0.0,0.0,0.0,0.0,0.0,0.0,0.0,0.0,0.0,0.0,0.0,0.0,0.0,0.0,0.0,0.0,0.0,0.0,0.0,0.0,0.0,0.0,0.0,0.0,0.0,0.0,0.0,0.0,0.0,0.0,0.0,0.0,0.0,0.09090909090909093,0.0,0.0,0.0,0.0,0.0,0.0,0.0,0.0,0.0,0.0,0.0,0.0,0.0,0.0,0.0,0.0,0.0,0.0,0.0,0.0,0.0,0.0,0.0,0.0,0.0,0.0,0.0,0.0,0.0,0.0,0.0,0.0,0.0,0.0,0.0,0.0,0.0,0.0,0.0,0.0,0.0,0.0,0.0,0.0,0.0,0.0,0.0,0.0,0.0,0.0,0.0,0.0,0.0,0.0,0.0,0.0,0.0,0.09090909090909093,0.0,0.0,0.0,0.0,0.0,0.0,0.0,0.0,0.0,0.0,0.0,0.0,0.0,0.0,0.0,0.0,0.0,0.0,0.0,0.0,0.0,0.0,0.0,0.0,0.0,0.0,0.0,0.0,0.0,0.0,0.0,0.0,0.0,0.0,0.0,0.0,0.0,0.0,0.0,0.0,0.0,0.0
13,0.0,0.0,0.0,0.0,0.0,0.0,0.0,0.047619047619047616,0.0,0.0,0.047619047619047616,0.0,0.04444444444444445,0.06666666666666668,0.0,0.0,0.0,0.0,0.1142857142857143,0.0,0.0,0.0,0.3253968253968254,0.0,0.0,0.0,0.0,0.0,0.0,0.0,0.0,0.0,0.0,0.0,0.0,0.0,0.0,0.0,0.0,0.0,0.047619047619047616,0.7801587301587302,0.0,0.06666666666666668,0.0,0.0,0.04444444444444445,0.04444444444444445,0.0,0.0,0.0,0.0,0.0,0.09206349206349207,0.0,0.0,0.0,0.0,0.0,0.0,0.0,0.0,0.0,0.0,0.0,0.0,0.0,0.0,0.28650793650793654,0.0,0.0,0.0,0.0,0.0,0.0,0.0,0.0,0.04444444444444445,0.0,0.0,0.0,0.0,0.0,0.0,0.06666666666666668,0.0,0.04444444444444445,0.0,0.04444444444444445,0.0,0.0,0.0,0.1,0.0,0.0,0.11111111111111113,0.0,0.0,0.0,0.14444444444444446,0.0,0.0,0.0,0.0,0.0,0.0,0.0,0.0,0.0,0.1,0.0,0.0,0.0,0.0,0.0,0.0,0.0,0.0,0.04444444444444445,0.0,0.0,0.0,0.0,0.0,0.0,0.0,0.0,0.0,0.0,0.04444444444444445,0.0,0.0,0.0888888888888889,0.04444444444444445,0.0,0.0,0.0,0.04444444444444445,0.0,0.0,0.0,0.0,0.0,0.21428571428571427,0.09206349206349207,0.0,0.0,0.0,0.0,0.0,0.0,0.0,0.0,0.0,0.0,0.0,0.0,0.0,0.0,0.0,0.0,0.0,0.0,0.13333333333333333,0.0,0.0,0.0,0.0,0.08333333333333333,0.0,0.0,0.0,0.0,0.0,0.0,0.0,0.0,0.0,0.0,0.0,0.0,0.0,0.0,0.0,0.0,0.0,0.0,0.04444444444444445,0.0,0.0,0.08333333333333333,0.1,0.0,0.09206349206349207,0.0,0.0,0.0,0.0,0.0,0.0,0.0,0.0,0.0,0.0,0.047619047619047616,0.0,0.0,0.0,0.0,0.0,0.0,0.0,0.0,0.04444444444444445,0.0,0.0,0.047619047619047616,0.0,0.0,0.0,0.0,0.08333333333333333,0.0,0.0,0.0,0.0,0.0,0.0,0.0,0.0,0.12777777777777777,0.0,0.12777777777777777,0.0,0.0,0.0,0.1,0.0,0.0,0.0,0.0,0.32222222222222224,0.0,0.0,0.0,0.0,0.0,0.0,0.0,0.0,0.0,0.0,0.0,0.0,0.0,0.0,0.19761904761904764,0.0,0.0,0.0,0.04444444444444445,0.0,0.0,0.0,0.0,0.0888888888888889,0.06666666666666668,0.0,0.0,0.12777777777777777,0.14444444444444446,0.0,0.0,0.0,0.0,0.0,0.0,0.0,0.0,0.0,0.04444444444444445,0.047619047619047616,0.0,0.0,0.04444444444444445,0.0,0.0,0.0,0.0,0.12777777777777777,0.15555555555555559,0.1,0.0,0.0,0.0,0.0,0.0,0.0,0.0,0.0,0.0,0.04444444444444445,0.0,0.0,0.0,0.0,0.0,0.0,0.0,0.04444444444444445,0.0,0.0,0.0,0.0,0.0,0.0,0.0,0.0,0.0,0.0,0.0,0.0,0.0,0.0,0.0,0.0,0.0,0.0,0.0,0.0,0.0,0.0,0.0,0.0,0.0,0.047619047619047616
14,0.0,0.0,0.0,0.0,0.0,0.0,0.1,0.0,0.0,0.0,0.0,0.0,0.0,0.0,0.0,0.0,0.0,0.0,0.0,0.0,0.0,0.0,0.0,0.0,0.0,0.0,0.0,0.0,0.0,0.0,0.0,0.0,0.0,0.0,0.0,0.0,0.0,0.0,0.0,0.0,0.0,0.0,0.0,0.0,0.0,0.0,0.1,0.0,0.0,0.0,0.0,0.0,0.0,0.0,0.0,0.0,0.0,0.0,0.0,0.0,0.0,0.0,0.0,0.0,0.0,0.0,0.0,0.0,0.1,0.0,0.0,0.0,0.0,0.0,0.0,0.0,0.0,0.0,0.0,0.0,0.0,0.0,0.0,0.0,0.0,0.0,0.0,0.0,0.0,0.0,0.0,0.0,0.0,0.0,0.0,0.0,0.0,0.0,0.0,0.0,0.0,0.0,0.0,0.0,0.0,0.0,0.0,0.0,0.0,0.0,0.0,0.0,0.0,0.0,0.0,0.0,0.0,0.0,0.0,0.0,0.0,0.0,0.0,0.0,0.0,0.0,0.0,0.0,0.0,0.0,0.0,0.0,0.0,0.0,0.0,0.0,0.0,0.0,0.0,0.0,0.0,0.2,0.0,0.0,0.0,0.0,0.0,0.0,0.0,0.0,0.0,0.0,0.0,0.0,0.0,0.0,0.0,0.0,0.0,0.1,0.0,0.0,0.0,0.0,0.0,0.0,0.0,0.0,0.0,0.0,0.0,0.0,0.0,0.0,0.0,0.0,0.0,0.0,0.0,0.0,0.0,0.0,0.0,0.0,0.0,0.0,0.0,0.0,0.0,0.0,0.0,0.0,0.0,0.0,0.0,0.0,0.0,0.0,0.0,0.0,0.0,0.0,0.0,0.0,0.0,0.0,0.0,0.0,0.0,0.0,0.0,0.0,0.0,0.0,0.0,0.0,0.0,0.0,0.0,0.0,0.0,0.0,0.0,0.0,0.0,0.0,0.0,0.0,0.0,0.0,0.0,0.0,0.0,0.0,0.0,0.0,0.1,0.0,0.0,0.0,0.0,0.1,0.0,0.0,0.0,0.0,0.0,0.0,0.0,0.0,0.0,0.0,0.0,0.0,0.0,0.0,0.0,0.0,0.0,0.0,0.0,0.0,0.0,0.0,0.0,0.1,0.0,0.0,0.0,0.0,0.0,0.0,0.0,0.0,0.0,0.0,0.0,0.0,0.0,0.0,0.0,0.0,0.0,0.0,0.0,0.0,0.0,0.0,0.0,0.0,0.0,0.0,0.0,0.0,0.0,0.0,0.0,0.0,0.0,0.0,0.0,0.0,0.0,0.0,0.0,0.0,0.0,0.0,0.0,0.0,0.0,0.0,0.0,0.0,0.0,0.0,0.0,0.0,0.0,0.0,0.0,0.0,0.0,0.0,0.0,0.1,0.0,0.0,0.0,0.0,0.0,0.0,0.0,0.0,0.0,0.0
15,0.0,0.0,0.0,0.0,0.0,0.0,0.08333333333333333,0.0,0.0,0.0,0.0,0.0,0.0,0.0,0.0,0.0,0.0,0.0,0.0,0.0,0.0,0.0,0.0,0.0,0.0,0.0,0.0,0.0,0.0,0.0,0.0,0.0,0.0,0.0,0.0,0.0,0.0,0.0,0.0,0.0,0.0,0.0,0.0,0.0,0.0,0.0,0.0,0.0,0.0,0.0,0.16666666666666666,0.0,0.0,0.0,0.0,0.0,0.0,0.0,0.0,0.0,0.0,0.0,0.0,0.0,0.0,0.0,0.08333333333333333,0.0,0.0,0.0,0.0,0.0,0.0,0.0,0.0,0.0,0.0,0.0,0.0,0.0,0.0,0.0,0.0,0.0,0.0,0.0,0.08333333333333333,0.0,0.0,0.0,0.0,0.0,0.0,0.0,0.0,0.0,0.0,0.0,0.0,0.0,0.0,0.0,0.0,0.0,0.0,0.0,0.0,0.0,0.0,0.0,0.0,0.0,0.0,0.0,0.0,0.0,0.0,0.0,0.0,0.0,0.0,0.0,0.0,0.0,0.0,0.0,0.0,0.0,0.0,0.0,0.0,0.0,0.0,0.0,0.0,0.0,0.0,0.0,0.0,0.0,0.0,0.0,0.0,0.0,0.0,0.0,0.0,0.0,0.0,0.0,0.0,0.0,0.0,0.0,0.0,0.0,0.4166666666666667,0.0,0.0,0.0,0.0,0.0,0.0,0.0,0.0,0.0,0.0,0.0,0.0,0.0,0.0,0.0,0.0,0.0,0.0,0.0,0.0,0.0,0.0,0.0,0.0,0.0,0.0,0.0,0.0,0.0,0.0,0.0,0.0,0.0,0.0,0.0,0.0,0.08333333333333333,0.0,0.0,0.0,0.0,0.0,0.0,0.0,0.0,0.0,0.0,0.0,0.0,0.0,0.0,0.0,0.0,0.0,0.0,0.0,0.0,0.0,0.0,0.0,0.0,0.0,0.0,0.0,0.0,0.0,0.0,0.0,0.0,0.0,0.0,0.0,0.0,0.0,0.0,0.0,0.0,0.0,0.0,0.0,0.0,0.0,0.0,0.0,0.0,0.0,0.0,0.0,0.0,0.0,0.0,0.0,0.0,0.0,0.0,0.0,0.0,0.0,0.0,0.0,0.0,0.0,0.0,0.0,0.0,0.0,0.0,0.08333333333333333,0.0,0.0,0.0,0.0,0.0,0.0,0.0,0.0,0.0,0.0,0.0,0.0,0.0,0.0,0.0,0.0,0.0,0.0,0.0,0.0,0.0,0.0,0.0,0.0,0.0,0.0,0.0,0.0,0.0,0.0,0.0,0.0,0.0,0.0,0.0,0.0,0.0,0.0,0.0,0.0,0.0,0.0,0.0,0.0,0.0,0.0,0.0,0.0,0.0,0.0,0.0,0.0,0.0,0.0,0.0,0.0,0.0,0.0,0.0,0.0,0.0,0.0,0.0,0.0,0.0,0.0,0.0,0.0,0.0,0.0,0.0
16,0.07575757575757576,0.0,0.045454545454545456,0.0,0.07792207792207792,0.0,1.1879541863365393,0.045454545454545456,0.0,0.0,0.03553459119496855,0.037037037037037035,0.1679144385026738,0.14386792452830188,0.13474025974025972,0.08514492753623187,0.017857142857142856,0.0,0.4646996521996522,0.14752525252525253,0.9598608716611661,0.24666666666666665,0.5226369382251735,0.0,0.0,0.0,0.0,0.0,0.0,0.2472222222222222,0.05357142857142857,0.052380952380952375,0.041666666666666664,0.11767676767676767,0.12794612794612797,0.047619047619047616,0.1724761087968635,0.10888888888888888,0.025,0.08514492753623187,0.28631375870506304,0.16746031746031745,0.11805555555555555,0.016666666666666666,0.017857142857142856,0.0,0.36554791613615145,0.05703703703703704,0.0,0.025,0.07196969696969698,0.045454545454545456,0.0,1.093852079806575,0.028571428571428567,0.016666666666666666,0.03333333333333333,0.05555555555555555,0.1830952380952381,0.041666666666666664,0.02,1.240078696327309,0.0,0.0,0.0,0.09126984126984126,0.058333333333333334,0.06523809523809523,0.9803372743434511,0.0,0.037037037037037035,0.037037037037037035,0.1,0.016666666666666666,0.0,0.016666666666666666,0.102994908655286,0.029411764705882363,0.02,0.5766947393801614,0.07559299191374663,0.0,0.0,0.10495289024700791,0.0,0.09642857142857142,0.5456886087768441,0.07738095238095238,0.10545454545454547,0.034523809523809526,0.410018315018315,0.0,0.047619047619047616,0.05882352941176471,0.07919254658385093,0.3061945521490471,0.041666666666666664,0.025,0.07575757575757576,0.0,0.018867924528301886,0.0,0.060606060606060615,0.07692307692307693,0.0,0.0,0.13324700949562215,0.0,0.11886792452830189,0.4208592132505176,0.0,0.0,0.1,0.0,0.0,0.10893280632411068,0.016666666666666666,0.1,0.0,0.1487878787878788,0.05555555555555555,0.06523809523809523,0.0,0.018867924528301886,0.33743935309973044,0.21396011396011397,0.15452380952380954,0.2836947643551417,0.045454545454545456,0.05555555555555555,0.09903381642512077,0.18,0.03571428571428571,0.12075098814229249,0.0,0.0,0.05030303030303031,0.2524219429736247,0.07142857142857142,0.08496732026143791,0.13982683982683983,0.5321813371813372,0.0,0.675263762949185,0.39202088268126006,0.043478260869565216,0.07142857142857142,0.047619047619047616,0.017857142857142856,0.0,0.06212121212121212,0.05555555555555555,0.06212121212121212,0.030303030303030307,0.06166666666666666,0.1647012578616352,0.14224454790492527,0.10809523809523809,0.0,0.025,0.236078431372549,0.03571428571428571,0.1024915824915825,0.14674258306333776,0.018867924528301886,0.0,0.041666666666666664,0.3826767676767676,0.5152964959568733,0.041666666666666664,0.16136363636363638,0.0,0.4236544451971755,0.13923829489867223,0.12777777777777777,0.20154469220506957,0.0,0.017857142857142856,0.0,0.10212121212121211,0.045454545454545456,0.2402380952380952,0.08333333333333333,0.0,0.0,0.0,0.045454545454545456,0.0,0.02,0.025,0.4602703505644683,0.29538307604345343,0.041666666666666664,0.33976190476190476,0.08928571428571427,0.038867924528301886,0.0,0.2155995262599036,0.11442348008385744,0.1,1.0688592415446636,0.2823599880203653,0.08809523809523809,0.07119047619047619,0.043478260869565216,0.0,0.06666666666666667,0.0,0.0,0.025,0.0,0.12023809523809523,0.0,0.025,0.06,0.0,0.28214285714285714,0.07619047619047618,0.09126984126984126,0.045454545454545456,0.018867924528301886,0.0,0.029411764705882363,0.08347826086956522,0.0,0.0,0.0,0.016666666666666666,0.0,0.07489417989417989,0.6019419327877321,0.0,0.0,0.0,0.18095238095238098,0.2597731424585644,0.3930665810461207,0.05882352941176471,0.0,0.045454545454545456,0.0,2.3414568279995582,0.041666666666666664,0.030303030303030307,0.058333333333333334,0.0,0.1064869721473495,0.028571428571428567,0.0,0.18916666666666665,0.04,0.016666666666666666,0.0,0.03571428571428571,0.0,0.0,0.5373598813660581,0.09090909090909093,0.0,0.0,0.06523809523809523,0.0,0.0,0.0,0.04917095483133219,0.4269948025830379,1.7067008933569034,0.041666666666666664,0.07261904761904761,0.041666666666666664,0.531003566663944,0.3449995755878109,0.0,0.14857142857142858,0.04,0.30317460317460315,0.1311111111111111,0.0,0.16976190476190475,0.04941176470588236,0.0,0.041666666666666664,0.029411764705882363,0.08333333333333333,0.2530594405594406,0.0,0.4371830734316861,0.05555555555555555,0.12794612794612797,0.03666666666666667,0.05441176470588237,0.0,0.018867924528301886,0.05952380952380952,0.0,0.2627307333189686,0.034523809523809526,0.0,0.39258322883184155,0.0,0.025,0.11194151760189495,0.0,0.07142857142857142,0.08333333333333333,0.045454545454545456,0.016666666666666666,0.0,0.07952380952380952,0.46393986239435736,0.11406784936196701,0.025,0.271969696969697,0.0,0.0,0.0,0.0,0.028571428571428567,0.0,0.05555555555555555,0.0,0.018867924528301886,0.07486631016042782,0.018867924528301886,0.03785714285714285,0.18483363042186574,0.2372871572871573,0.016666666666666666,0.0,0.047619047619047616,0.21114718614718614,0.07886792452830188,0.0,0.14816017316017316,0.07,0.34160303965472133
17,0.0,0.0,0.0,0.0,0.0,0.0,0.0,0.0,0.0,0.0,0.0,0.0,0.0,0.0,0.0,0.0,0.0,0.0,0.0,0.0,0.0,0.0,0.18181818181818185,0.0,0.0,0.0,0.0,0.0,0.0,0.0,0.0,0.0,0.0,0.0,0.0,0.0,0.18181818181818185,0.0,0.0,0.0,0.0,0.0,0.0,0.0,0.0,0.0,0.09090909090909093,0.0,0.0,0.0,0.0,0.0,0.0,0.0,0.0,0.0,0.0,0.0,0.0,0.0,0.0,0.0,0.0,0.0,0.0,0.0,0.0,0.0,0.0,0.0,0.0,0.0,0.0,0.0,0.0,0.0,0.0,0.0,0.0,0.0,0.0,0.0,0.0,0.0,0.0,0.0,0.0,0.0,0.0,0.0,0.0,0.0,0.0,0.0,0.0,0.0,0.0,0.0,0.0,0.0,0.0,0.0,0.0,0.0,0.0,0.0,0.0,0.0,0.0,0.0,0.0,0.0,0.0,0.0,0.0,0.0,0.0,0.0,0.0,0.0,0.0,0.0,0.0,0.0,0.09090909090909093,0.0,0.0,0.09090909090909093,0.0,0.0,0.0,0.0,0.0,0.0,0.0,0.0,0.0,0.0,0.0,0.0,0.0,0.0,0.0,0.0,0.0,0.0,0.0,0.0,0.0,0.0,0.0,0.0,0.0,0.0,0.0,0.0,0.0,0.0,0.0,0.0,0.0,0.0,0.0,0.0,0.0,0.0,0.0,0.0,0.0,0.0,0.0,0.0,0.0,0.0,0.0,0.0,0.0,0.0,0.0,0.0,0.0,0.0,0.0,0.0,0.0,0.0,0.0,0.0,0.0,0.0,0.0,0.0,0.0,0.0,0.0,0.0,0.0,0.0,0.0,0.0,0.09090909090909093,0.0,0.0,0.0,0.0,0.0,0.0,0.0,0.0,0.09090909090909093,0.0,0.0,0.0,0.0,0.0,0.0,0.0,0.0,0.0,0.0,0.0,0.0,0.0,0.0,0.0,0.0,0.0,0.0,0.0,0.0,0.0,0.0,0.0,0.0,0.0,0.0,0.0,0.0,0.0,0.0,0.0,0.18181818181818185,0.0,0.0,0.0,0.0,0.0,0.0,0.0,0.0,0.0,0.0,0.0,0.0,0.0,0.0,0.0,0.0,0.0,0.0,0.0,0.0,0.0,0.0,0.0,0.0,0.0,0.0,0.0,0.0,0.0,0.0,0.0,0.0,0.0,0.0,0.0,0.0,0.0,0.0,0.0,0.0,0.0,0.0,0.0,0.0,0.0,0.0,0.0,0.0,0.0,0.0,0.0,0.0,0.0,0.0,0.0,0.0,0.0,0.0,0.0,0.0,0.0,0.0,0.0,0.0,0.0,0.0,0.0,0.0,0.0,0.0,0.0,0.0,0.0,0.0,0.0,0.0,0.0,0.0,0.0,0.0,0.0,0.0,0.0,0.0,0.0,0.0,0.0,0.0,0.0,0.0,0.0,0.0,0.0,0.0
18,0.0,0.0,0.0,0.07692307692307693,0.0,0.0,0.2714803312629399,0.0,0.0,0.0,0.0,0.0,0.0,0.08514492753623187,0.0,0.0,0.0,0.0,0.0,0.0,0.0,0.0,0.0,0.0,0.0,0.0,0.0,0.0,0.0,0.0,0.0,0.0,0.0,0.0,0.0,0.0,0.0,0.0,0.0,0.0,0.043478260869565216,0.07692307692307693,0.0,0.0,0.0,0.0,0.0,0.0,0.0,0.0,0.0,0.0,0.0,0.17028985507246375,0.0,0.0,0.0,0.0,0.0,0.0,0.0,0.0,0.0,0.0,0.0,0.0,0.0,0.0,0.23530817009077878,0.0,0.0,0.0,0.0,0.0,0.0,0.0,0.0,0.0,0.0,0.07142857142857142,0.0,0.0,0.0,0.0,0.043478260869565216,0.0,0.20554626532887402,0.0,0.0,0.0,0.0,0.0,0.0,0.0,0.043478260869565216,0.0,0.0,0.0,0.0,0.0,0.0,0.0,0.0,0.0,0.0,0.0,0.0,0.0,0.07142857142857142,0.0,0.0,0.0,0.0,0.0,0.0,0.0,0.0,0.0,0.0,0.0,0.0,0.0,0.0,0.0,0.11858974358974358,0.0,0.0,0.0,0.0,0.0,0.0,0.0,0.0,0.08514492753623187,0.0,0.08514492753623187,0.08514492753623187,0.0,0.0,0.0,0.0,0.07142857142857142,0.0,0.043478260869565216,0.0,0.0,0.0,0.0,0.0,0.0,0.0,0.0,0.0,0.0,0.0,0.0,0.0,0.0,0.0,0.0,0.0,0.0,0.0,0.8744027711419017,0.08695652173913042,0.0,0.0,0.0,0.0,0.0,0.0,0.0,0.0,0.0,0.0,0.0,0.0,0.0,0.0,0.08514492753623187,0.0,0.0,0.0,0.0,0.0,0.0,0.043478260869565216,0.0,0.0,0.0,0.0,0.07692307692307693,0.0,0.0,0.0,0.0,0.0,0.14835164835164835,0.08514492753623187,0.0,0.0,0.0,0.0,0.0,0.0,0.0,0.0,0.0,0.0,0.043478260869565216,0.0,0.0,0.0,0.08514492753623187,0.0,0.0,0.23899108138238573,0.0,0.0,0.0,0.0,0.0,0.0,0.0,0.0,0.0,0.0,0.0,0.0,0.0,0.0,0.0,0.08514492753623187,0.0,0.0,0.0,0.0,0.0,0.0,0.0,0.0,0.0,0.0,0.0,0.0,0.0,0.043478260869565216,0.0,0.0,0.08514492753623187,0.0,0.0,0.0,0.07142857142857142,0.0,0.0,0.0,0.0,0.043478260869565216,0.0,0.0,0.0,0.0,0.0,0.07142857142857142,0.0,0.2851966873706004,0.0,0.0,0.0,0.08514492753623187,0.043478260869565216,0.0,0.0,0.0,0.0,0.0,0.0,0.0,0.0,0.0,0.0,0.0,0.0,0.041666666666666664,0.0,0.0,0.0,0.0,0.0,0.08514492753623187,0.0,0.0,0.043478260869565216,0.0,0.0,0.0,0.0,0.043478260869565216,0.0,0.0,0.08514492753623187,0.0,0.0,0.0,0.0,0.0,0.043478260869565216,0.07692307692307693,0.0,0.0,0.0,0.0,0.0,0.0,0.0,0.0,0.043478260869565216,0.0,0.0,0.0,0.0,0.07142857142857142,0.0,0.0,0.0,0.0,0.0,0.0,0.0,0.0,0.0,0.0,0.0,0.0,0.0
19,0.0,0.0,0.0,0.0,0.0,0.0,0.0,0.0,0.0,0.0,0.0,0.0,0.0,0.0,0.0,0.0,0.0,0.0,0.0625,0.0,0.0,0.0,0.0,0.0,0.0,0.0,0.34134615384615385,0.0625,0.0,0.0,0.0,0.0,0.0,0.0,0.0,0.1153846153846154,0.0,0.0,0.0,0.0,0.0625,0.0,0.0,0.0,0.0,0.0,0.0,0.0,0.0,0.0,0.0,0.0625,0.0,0.038461538461538464,0.0,0.0,0.0,0.0,0.0,0.0,0.0,0.0,0.0,0.0,0.0,0.0,0.0,0.0,0.0625,0.0,0.0,0.0,0.0,0.0,0.0,0.0,0.0,0.0,0.0,0.0625,0.0,0.0,0.0,0.0,0.0,0.0,0.0,0.0,0.0,0.0,0.0,0.0,0.0,0.0,0.0,0.0,0.0,0.0,0.0,0.0,0.0,0.0,0.0,0.0,0.0,0.0,0.0,0.0,0.0,0.0,0.0,0.0,0.0,0.0,0.0,0.0,0.0,0.0,0.0,0.0,0.0,0.0,0.0,0.0,0.0,0.0,0.0,0.0,0.0,0.0,0.0,0.0,0.0,0.0,0.0,0.0,0.0,0.038461538461538464,0.0,0.0,0.0,0.0,0.0,0.0,0.0,0.0,0.0,0.13942307692307693,0.0,0.0,0.0,0.0,0.0,0.0,0.0,0.0,0.0,0.0,0.0,0.0,0.0,0.0,0.0,0.07692307692307693,0.0,0.07692307692307693,0.0,0.0,0.0,0.0,0.0,0.0,0.0,0.0,0.0,0.0,0.0,0.0,0.0,0.0,0.0,0.0,0.0,0.0,0.0,0.0,0.0,0.0,0.0,0.0,0.0,0.0,0.0,0.0,0.0,0.0,0.0,0.0,0.0,0.0,0.0625,0.0,0.0,0.0,0.0,0.0,0.0,0.0,0.0,0.0,0.0,0.0,0.0,0.0,0.0,0.0625,0.0,0.0,0.0,0.0,0.0,0.0,0.0,0.0,0.0,0.0,0.0,0.0,0.0,0.0,0.0,0.0,0.0,0.0,0.0,0.0,0.0,0.0,0.0,0.0,0.0,0.038461538461538464,0.0,0.038461538461538464,0.0,0.0,0.0,0.0,0.0,0.0,0.0,0.0,0.0,0.0,0.0,0.038461538461538464,0.0,0.0,0.0,0.0,0.0,0.0,0.0,0.0,0.0,0.0,0.0,0.0625,0.0,0.0,0.07692307692307693,0.0,0.0,0.0,0.0,0.0,0.0,0.038461538461538464,0.0,0.0,0.0,0.0,0.0,0.0,0.0,0.0,0.0,0.0,0.0,0.0,0.0,0.0,0.0,0.0,0.0,0.0,0.0,0.21634615384615385,0.0625,0.0,0.0,0.0,0.0,0.0,0.0,0.0,0.0,0.0,0.0,0.0,0.0,0.0,0.0,0.0,0.0,0.0,0.0,0.0625,0.0,0.0,0.0,0.0,0.0,0.0,0.0,0.0,0.0,0.0,0.038461538461538464,0.0,0.0,0.0,0.0,0.0,0.0,0.0
20,0.0,0.0,0.0,0.0,0.0,0.028571428571428567,0.45748272218324004,0.0,0.0,0.0,0.06756276791181873,0.024084507042253518,0.043478260869565216,0.05756276791181873,0.0,0.0,0.0,0.0,0.06674082313681867,0.0861341964832473,0.10844854070660521,0.1556134375208709,0.17741340398633032,0.0,0.04448275862068965,0.024084507042253518,0.0,0.0,0.0,0.02325581395348837,0.0,0.0,0.047619047619047616,0.0,0.08204968944099378,0.0,0.05182724252491694,0.0,0.03125,0.048567265662943164,0.21158472642033185,0.028571428571428567,0.0,0.0,0.0,0.037037037037037035,0.12396011396011396,0.05533450704225352,0.0,0.0,0.10377786017385571,0.0,0.0,0.27065022544558986,0.0,0.0,0.028571428571428567,0.0,0.0,0.0,0.0,0.07796101949025486,0.0,0.0,0.0,0.0,0.06674082313681867,0.07112154407929056,0.755044687103347,0.0,0.0,0.0,0.0,0.0,0.0,0.0,0.0,0.01,0.0,0.09477560961121505,0.0,0.01,0.03448275862068965,0.0,0.07796101949025486,0.0,0.11313292608866501,0.0,0.028571428571428567,0.05182724252491694,0.0,0.0,0.037037037037037035,0.0,0.03225806451612903,0.15680018905825358,0.0,0.0,0.0,0.0,0.037037037037037035,0.0,0.0,0.03448275862068965,0.0,0.0,0.0,0.0,0.11140583554376657,0.04734032099574188,0.0,0.0,0.0,0.0,0.0,0.0,0.0,0.0,0.047619047619047616,0.0,0.0,0.3672367060361149,0.01,0.0,0.1857846987938617,0.03448275862068965,0.0,0.05773857257417801,0.0,0.0,0.0,0.0,0.0,0.0,0.0,0.0,0.0,0.024084507042253518,0.0,0.07204968944099378,0.024084507042253518,0.1730572734063242,0.0,0.15855935936388177,0.2688775738984823,0.014084507042253518,0.0,0.0,0.0,0.0,0.0,0.0,0.0,0.0,0.0,0.028571428571428567,0.07756276791181874,0.0,0.0,0.0,0.0,0.0,0.08182307961643154,1.150168649137011,0.29527220443743496,0.047619047619047616,0.0,0.043478260869565216,0.09204552653250837,0.0,0.0,0.03,0.3897956080367276,0.024084507042253518,0.0,0.12823275862068964,0.0,0.0,0.0,0.13778244806168344,0.0,0.0,0.0,0.0,0.0,0.0,0.0,0.0,0.0,0.0,0.10908672647803082,0.08773857257417801,0.0,0.0,0.0,0.0,0.0,0.10844854070660521,0.0,0.0,0.2519131235877078,0.0,0.0,0.0,0.0,0.0,0.03448275862068965,0.0,0.0,0.0,0.0,0.07658450704225352,0.0,0.0,0.043478260869565216,0.0,0.2783476801152152,0.0,0.0,0.0,0.0,0.0,0.0,0.043478260869565216,0.0,0.0,0.13793103448275862,0.0,0.0,0.0,0.13916340061217344,0.0,0.01,0.07151979565772668,0.0,0.0,0.07151979565772668,0.0,0.0,0.0,0.0,0.33709195646796775,0.0,0.0,0.14721592791360233,0.0,0.028169014084507043,0.0,0.0,0.21426685772737603,0.0,0.0,0.0,0.1039053394702013,0.0,0.0,0.14744047619047618,0.0,0.0,0.0,0.07692307692307693,0.07151979565772668,0.043478260869565216,0.0,0.09898857257417801,0.20649355877616746,0.3679700388480871,0.043478260869565216,0.01,0.024084507042253518,0.17936418833772477,0.0808185818653071,0.0,0.02325581395348837,0.0,0.03408450704225352,0.0,0.0,0.07151979565772668,0.03448275862068965,0.0,0.0,0.0,0.0,0.2383701212580523,0.058567265662943166,0.16168478260869565,0.0,0.028571428571428567,0.0,0.12244377811094452,0.0,0.0,0.1669817819963258,0.0,0.01,0.03125,0.0,0.014084507042253518,0.03448275862068965,0.0,0.04448275862068965,0.0,0.0,0.03857142857142857,0.0,0.043478260869565216,0.0,0.0,0.15469509431330847,0.04,0.0,0.0,0.0,0.0,0.0,0.0,0.09222133119486768,0.07619047619047618,0.0,0.047619047619047616,0.03448275862068965,0.11140583554376657,0.0,0.0,0.0,0.03225806451612903,0.0,0.0,0.043478260869565216,0.10477560961121506,0.03448275862068965,0.0,0.014084507042253518,0.043478260869565216,0.07182307961643153
21,0.0,0.0,0.0,0.0,0.0,0.0,0.0,0.0,0.0,0.0,0.0,0.0,0.0,0.0,0.0,0.0,0.0,0.0,0.0,0.0,0.0,0.0,0.0,0.0,0.0,0.0,0.0,0.0,0.0,0.0,0.0,0.0,0.0,0.0,0.0,0.0,0.0,0.0,0.0,0.0,0.0,0.0,0.0,0.0,0.0,0.0,0.0,0.0,0.0,0.0,0.0,0.0,0.0,0.0,0.0,0.0,0.0,0.0,0.0,0.0,0.0,0.0,0.0,0.0,0.0,0.0,0.0,0.0,0.0,0.0,0.0,0.0,0.0,0.0,0.0,0.0,0.0,0.0,0.0,0.07692307692307693,0.0,0.0,0.0,0.0,0.0,0.0,0.0,0.0,0.0,0.0,0.0,0.0,0.0,0.0,0.0,0.0,0.0,0.0,0.0,0.0,0.0,0.0,0.0,0.0,0.0,0.0,0.0,0.0,0.0,0.0,0.0,0.0,0.0,0.0,0.0,0.0,0.0,0.15384615384615385,0.0,0.0,0.0,0.0,0.0,0.0,0.0,0.07692307692307693,0.0,0.0,0.0,0.0,0.0,0.0,0.0,0.0,0.0,0.0,0.0,0.0,0.0,0.0,0.0,0.0,0.0,0.0,0.0,0.0,0.0,0.0,0.0,0.0,0.0,0.0,0.0,0.0,0.0,0.0,0.0,0.0,0.0,0.0,0.0,0.0,0.0,0.07692307692307693,0.0,0.0,0.0,0.0,0.0,0.0,0.0,0.0,0.0,0.0,0.0,0.0,0.0,0.0,0.07692307692307693,0.0,0.0,0.0,0.0,0.0,0.0,0.0,0.0,0.0,0.0,0.0,0.0,0.0,0.0,0.0,0.0,0.0,0.0,0.0,0.0,0.0,0.15384615384615385,0.0,0.0,0.0,0.0,0.0,0.0,0.0,0.07692307692307693,0.0,0.0,0.0,0.0,0.0,0.0,0.0,0.0,0.07692307692307693,0.0,0.0,0.0,0.0,0.0,0.0,0.0,0.0,0.0,0.0,0.0,0.0,0.0,0.07692307692307693,0.0,0.0,0.0,0.0,0.0,0.0,0.0,0.0,0.0,0.0,0.0,0.0,0.0,0.0,0.0,0.0,0.0,0.0,0.0,0.0,0.0,0.0,0.0,0.0,0.0,0.0,0.0,0.0,0.0,0.0,0.0,0.0,0.0,0.0,0.0,0.0,0.0,0.0,0.0,0.0,0.0,0.0,0.0,0.0,0.0,0.0,0.0,0.0,0.0,0.0,0.0,0.0,0.0,0.0,0.0,0.0,0.0,0.0,0.0,0.0,0.0,0.0,0.0,0.0,0.0,0.0,0.0,0.0,0.0,0.0,0.0,0.0,0.0,0.0,0.0,0.0,0.0,0.0,0.0,0.0,0.0,0.0,0.0,0.0,0.0,0.0,0.0,0.0,0.0,0.0,0.0,0.0,0.0,0.07692307692307693,0.0,0.07692307692307693,0.0,0.0,0.0,0.0,0.0,0.0,0.0,0.0
22,0.0,0.0,0.0,0.0,0.0,0.0,0.0,0.0,0.0,0.0,0.0,0.0,0.0,0.0,0.0,0.0,0.0,0.0,0.0,0.0,0.0,0.0,0.0,0.0,0.0,0.0,0.0,0.0,0.0,0.0,0.0,0.0,0.0,0.0,0.0,0.0,0.0,0.0,0.0,0.0,0.0,0.0,0.0,0.0,0.0,0.0,0.0,0.1,0.0,0.0,0.0,0.0,0.0,0.1,0.0,0.0,0.0,0.0,0.0,0.0,0.0,0.0,0.0,0.0,0.0,0.0,0.0,0.0,0.0,0.0,0.0,0.0,0.0,0.0,0.0,0.0,0.0,0.0,0.0,0.0,0.0,0.0,0.0,0.0,0.0,0.0,0.1,0.0,0.0,0.0,0.0,0.0,0.0,0.0,0.0,0.0,0.0,0.0,0.0,0.0,0.0,0.0,0.0,0.0,0.0,0.0,0.0,0.0,0.0,0.0,0.0,0.0,0.0,0.0,0.0,0.0,0.0,0.0,0.0,0.0,0.0,0.0,0.0,0.0,0.0,0.0,0.0,0.0,0.0,0.0,0.0,0.0,0.0,0.0,0.0,0.0,0.0,0.0,0.0,0.0,0.0,0.0,0.0,0.0,0.0,0.0,0.0,0.0,0.0,0.0,0.0,0.0,0.0,0.0,0.0,0.0,0.0,0.0,0.0,0.0,0.0,0.0,0.0,0.0,0.0,0.0,0.0,0.0,0.0,0.0,0.0,0.0,0.0,0.0,0.0,0.0,0.0,0.1,0.0,0.0,0.0,0.0,0.0,0.0,0.0,0.0,0.0,0.0,0.0,0.0,0.0,0.0,0.0,0.0,0.0,0.0,0.0,0.0,0.0,0.0,0.0,0.0,0.0,0.0,0.0,0.0,0.0,0.0,0.0,0.0,0.0,0.0,0.0,0.0,0.0,0.0,0.0,0.0,0.0,0.0,0.0,0.0,0.0,0.0,0.0,0.0,0.0,0.0,0.0,0.0,0.1,0.0,0.0,0.0,0.0,0.0,0.0,0.0,0.0,0.0,0.0,0.1,0.0,0.0,0.0,0.0,0.0,0.0,0.0,0.0,0.0,0.0,0.0,0.0,0.1,0.0,0.0,0.0,0.0,0.0,0.0,0.0,0.0,0.0,0.0,0.0,0.0,0.0,0.0,0.0,0.0,0.0,0.0,0.0,0.0,0.0,0.0,0.0,0.0,0.0,0.0,0.0,0.0,0.0,0.0,0.0,0.2,0.0,0.0,0.0,0.0,0.0,0.0,0.0,0.0,0.0,0.0,0.0,0.0,0.0,0.0,0.0,0.0,0.0,0.0,0.0,0.0,0.0,0.0,0.0,0.0,0.0,0.0,0.0,0.0,0.0,0.0,0.0,0.0,0.0,0.0,0.0,0.0,0.0,0.0,0.0,0.0,0.0,0.0,0.0,0.0,0.0,0.0,0.0,0.0,0.1
23,0.0,0.0,0.0,0.0,0.0,0.0,0.0,0.0,0.0,0.0,0.0,0.0,0.0,0.0,0.0,0.0,0.0,0.0,0.0,0.0,0.0,0.0,0.07142857142857142,0.0,0.0,0.0,0.42857142857142855,0.0,0.0,0.0,0.0,0.0,0.0,0.0,0.0,0.0,0.0,0.0,0.0,0.0,0.0,0.0,0.0,0.0,0.0,0.0,0.0,0.0,0.0,0.0,0.0,0.0,0.0,0.0,0.0,0.0,0.0,0.0,0.0,0.0,0.0,0.0,0.0,0.0,0.0,0.0,0.0,0.0,0.0,0.0,0.0,0.0,0.0,0.0,0.0,0.0,0.0,0.0,0.0,0.0,0.0,0.0,0.0,0.0,0.0,0.0,0.0,0.0,0.0,0.0,0.0,0.0,0.0,0.0,0.0,0.0,0.0,0.0,0.0,0.0,0.0,0.0,0.0,0.0,0.0,0.0,0.0,0.0,0.0,0.0,0.0,0.0,0.0,0.0,0.0,0.0,0.0,0.0,0.0,0.0,0.0,0.0,0.0,0.0,0.0,0.0,0.0,0.0,0.0,0.0,0.0,0.0,0.0,0.0,0.0,0.0,0.0,0.0,0.0,0.0,0.0,0.0,0.0,0.0,0.0,0.0,0.0,0.07142857142857142,0.0,0.0,0.0,0.0,0.0,0.0,0.0,0.0,0.0,0.0,0.0,0.0,0.0,0.0,0.0,0.0,0.0,0.0,0.0,0.0,0.0,0.0,0.0,0.0,0.0,0.0,0.0,0.0,0.0,0.0,0.0,0.0,0.0,0.0,0.0,0.0,0.0,0.0,0.0,0.0,0.0,0.0,0.0,0.0,0.0,0.0,0.0,0.0,0.0,0.0,0.0,0.0,0.0,0.0,0.0,0.0,0.0,0.0,0.0,0.0,0.0,0.0,0.0,0.0,0.0,0.0,0.0,0.0,0.0,0.0,0.0,0.0,0.0,0.0,0.0,0.0,0.0,0.0,0.0,0.0,0.0,0.0,0.0,0.0,0.0,0.0,0.0,0.0,0.0,0.0,0.0,0.0,0.0,0.0,0.0,0.0,0.0,0.0,0.0,0.0,0.0,0.0,0.0,0.0,0.0,0.0,0.0,0.2857142857142857,0.0,0.0,0.0,0.0,0.0,0.0,0.0,0.0,0.0,0.0,0.0,0.0,0.0,0.0,0.0,0.0,0.0,0.0,0.0,0.0,0.0,0.0,0.0,0.0,0.0,0.0,0.0,0.0,0.0,0.0,0.0,0.0,0.07142857142857142,0.0,0.0,0.0,0.0,0.0,0.0,0.0,0.0,0.0,0.0,0.0,0.0,0.0,0.0,0.0,0.0,0.0,0.0,0.0,0.0,0.0,0.0,0.0,0.0,0.0,0.0,0.0,0.0,0.0,0.0,0.07142857142857142,0.0,0.0,0.0,0.0,0.0,0.0,0.0,0.0,0.0,0.0,0.0,0.0,0.0,0.0,0.0,0.0
24,0.0,0.0,0.0,0.0,0.0,0.0,0.0,0.0,0.0,0.0,0.0,0.0,0.0,0.0,0.0,0.0,0.0,0.0,0.0,0.0,0.0,0.0,0.0,0.0,0.0,0.0,0.0,0.0,0.0,0.1,0.0,0.0,0.0,0.0,0.0,0.0,0.0,0.0,0.0,0.0,0.0,0.0,0.0,0.0,0.0,0.0,0.0,0.0,0.0,0.0,0.0,0.0,0.0,0.0,0.0,0.0,0.0,0.0,0.0,0.0,0.0,0.0,0.0,0.0,0.0,0.0,0.0,0.0,0.1,0.0,0.0,0.0,0.0,0.0,0.0,0.0,0.0,0.0,0.0,0.0,0.0,0.0,0.0,0.0,0.0,0.0,0.0,0.0,0.0,0.0,0.0,0.0,0.0,0.0,0.0,0.0,0.0,0.0,0.0,0.0,0.0,0.0,0.0,0.0,0.0,0.0,0.0,0.0,0.0,0.0,0.0,0.0,0.0,0.0,0.0,0.0,0.0,0.0,0.0,0.0,0.0,0.1,0.0,0.0,0.0,0.0,0.0,0.0,0.0,0.0,0.0,0.0,0.0,0.0,0.0,0.0,0.0,0.0,0.0,0.0,0.0,0.0,0.0,0.1,0.1,0.0,0.0,0.0,0.0,0.0,0.0,0.0,0.0,0.0,0.0,0.0,0.0,0.0,0.0,0.0,0.0,0.0,0.0,0.0,0.0,0.0,0.0,0.0,0.0,0.0,0.0,0.0,0.0,0.0,0.0,0.0,0.0,0.0,0.0,0.0,0.0,0.0,0.0,0.0,0.0,0.0,0.0,0.0,0.0,0.0,0.0,0.0,0.0,0.0,0.0,0.0,0.0,0.0,0.0,0.0,0.0,0.0,0.0,0.0,0.0,0.0,0.0,0.0,0.0,0.0,0.0,0.0,0.0,0.0,0.0,0.0,0.0,0.0,0.0,0.0,0.0,0.0,0.0,0.0,0.0,0.0,0.0,0.0,0.0,0.0,0.1,0.0,0.0,0.0,0.0,0.0,0.1,0.0,0.0,0.0,0.0,0.0,0.0,0.0,0.0,0.0,0.0,0.0,0.0,0.0,0.0,0.0,0.0,0.0,0.0,0.0,0.0,0.0,0.0,0.0,0.0,0.0,0.0,0.0,0.0,0.0,0.2,0.0,0.0,0.0,0.0,0.0,0.0,0.0,0.0,0.0,0.0,0.0,0.0,0.0,0.0,0.0,0.0,0.0,0.0,0.0,0.0,0.0,0.0,0.0,0.0,0.0,0.0,0.0,0.0,0.1,0.0,0.0,0.0,0.0,0.0,0.0,0.0,0.0,0.0,0.0,0.0,0.0,0.0,0.0,0.0,0.0,0.0,0.0,0.0,0.0,0.0,0.0,0.0,0.0,0.0,0.0,0.0,0.0,0.0,0.0,0.0,0.0,0.0,0.0,0.0,0.0,0.0,0.0,0.0,0.0
25,0.0,0.0,0.0,0.0,0.0,0.0,0.1,0.0,0.0,0.0,0.0,0.0,0.0,0.0,0.0,0.0,0.0,0.0,0.0,0.1,0.0,0.0,0.0,0.0,0.0,0.0,0.0,0.0,0.0,0.0,0.0,0.0,0.0,0.0,0.0,0.0,0.0,0.0,0.0,0.0,0.0,0.0,0.0,0.0,0.0,0.0,0.0,0.0,0.0,0.0,0.0,0.0,0.0,0.0,0.0,0.0,0.0,0.0,0.0,0.0,0.0,0.1,0.0,0.0,0.0,0.0,0.0,0.0,0.1,0.0,0.0,0.0,0.0,0.0,0.0,0.0,0.0,0.0,0.0,0.0,0.1,0.0,0.0,0.0,0.0,0.0,0.0,0.0,0.1,0.0,0.0,0.0,0.0,0.0,0.0,0.0,0.0,0.0,0.0,0.0,0.1,0.0,0.0,0.0,0.0,0.0,0.0,0.0,0.0,0.0,0.0,0.0,0.0,0.0,0.0,0.0,0.0,0.0,0.0,0.0,0.0,0.0,0.0,0.0,0.0,0.0,0.0,0.0,0.0,0.0,0.0,0.0,0.0,0.0,0.0,0.0,0.0,0.0,0.0,0.0,0.0,0.0,0.0,0.0,0.0,0.0,0.0,0.0,0.0,0.0,0.0,0.0,0.0,0.0,0.0,0.0,0.0,0.0,0.0,0.0,0.0,0.0,0.0,0.0,0.0,0.0,0.0,0.0,0.0,0.0,0.0,0.0,0.0,0.0,0.0,0.0,0.0,0.0,0.0,0.0,0.0,0.0,0.0,0.0,0.0,0.0,0.0,0.0,0.0,0.0,0.0,0.0,0.0,0.0,0.0,0.0,0.0,0.0,0.0,0.0,0.0,0.0,0.0,0.0,0.0,0.0,0.0,0.0,0.0,0.0,0.0,0.0,0.0,0.0,0.0,0.0,0.0,0.0,0.0,0.0,0.1,0.0,0.0,0.0,0.0,0.0,0.0,0.0,0.0,0.0,0.0,0.0,0.0,0.0,0.0,0.0,0.0,0.0,0.0,0.0,0.0,0.0,0.0,0.0,0.0,0.0,0.0,0.0,0.0,0.0,0.0,0.0,0.0,0.0,0.0,0.0,0.0,0.0,0.0,0.0,0.0,0.0,0.0,0.0,0.0,0.0,0.1,0.0,0.0,0.0,0.0,0.0,0.0,0.0,0.0,0.0,0.0,0.0,0.0,0.1,0.0,0.0,0.0,0.0,0.0,0.0,0.0,0.0,0.0,0.0,0.0,0.0,0.0,0.0,0.0,0.0,0.0,0.0,0.0,0.0,0.0,0.0,0.0,0.0,0.0,0.0,0.0,0.0,0.0,0.0,0.0,0.0,0.0,0.0,0.0,0.0,0.0,0.0,0.0,0.0,0.0,0.0,0.0,0.0,0.0,0.0,0.0,0.0,0.0,0.0,0.0,0.0,0.0,0.0,0.0,0.0
