Neighborhood,Neighborhood Latitude,Neighborhood Longitude,Venue,Venue Latitude,Venue Longitude,Venue Category
Arts District,37.543453,-77.438963,Pop's Market on Grace,37.542080357609365,-77.43851241380321,Café
Arts District,37.543453,-77.438963,Secret Sandwich Society,37.54178707961536,-77.43822813034058,Sandwich Place
Arts District,37.543453,-77.438963,Perly's,37.54384800818421,-77.44143577650136,Deli / Bodega
Arts District,37.543453,-77.438963,Rappahannock Restaurant,37.54281,-77.439207,Seafood Restaurant
Arts District,37.543453,-77.438963,Salt & Forge,37.545206,-77.44018299999999,Sandwich Place
Arts District,37.543453,-77.438963,Soul Taco,37.544576,-77.43943399999999,Taco Place
Arts District,37.543453,-77.438963,Dominion Energy Center,37.54154888345216,-77.43696212768555,Performing Arts Venue
Arts District,37.543453,-77.438963,Jkogi,37.54532134001139,-77.43934119653908,Korean Restaurant
Arts District,37.543453,-77.438963,Carpenter Theatre,37.54160048378776,-77.43687725243652,General Entertainment
Arts District,37.543453,-77.438963,707 Fine Clothing,37.54393081083916,-77.43874311447144,Men's Store
Arts District,37.543453,-77.438963,Wong Gonzalez,37.542402068655186,-77.43853969028625,Asian Restaurant
Arts District,37.543453,-77.438963,Penny Lane Pub,37.541188960535656,-77.43924215447322,Pub
Arts District,37.543453,-77.438963,Lucy's,37.54574619938642,-77.43905013464105,Café
Arts District,37.543453,-77.438963,Greenleaf's Pool Room,37.54098240521079,-77.43799328176922,Sports Bar
Arts District,37.543453,-77.438963,Godfrey's Restaurant and Nightclub,37.543019726929764,-77.4396184158943,Gay Bar
Arts District,37.543453,-77.438963,Mama Js,37.54646916644014,-77.43969620490937,Southern / Soul Food Restaurant
Arts District,37.543453,-77.438963,The National,37.54189345405843,-77.43533156308092,Music Venue
Arts District,37.543453,-77.438963,Tarrant's Cafe,37.5455129909066,-77.4420846885243,New American Restaurant
Arts District,37.543453,-77.438963,Cafe Rustika,37.54074,-77.44015,German Restaurant
Arts District,37.543453,-77.438963,Hilton,37.5423849,-77.4378458,Hotel
Arts District,37.543453,-77.438963,Richmond Marriott,37.5431723593463,-77.43663556873798,Hotel
Arts District,37.543453,-77.438963,Chez Foushee,37.54488331545177,-77.44252801663737,French Restaurant
Arts District,37.543453,-77.438963,Vagabond,37.54203986453328,-77.43560639663632,American Restaurant
Arts District,37.543453,-77.438963,Linden Row Inn,37.54364651026506,-77.44228375468717,Hotel
Biotech and MCV,37.5434554,-77.430753,The Valentine,37.54154166414663,-77.43103242327882,Museum
Biotech and MCV,37.5434554,-77.430753,Barnes & Noble,37.543330966368025,-77.42902980118572,Bookstore
Biotech and MCV,37.5434554,-77.430753,Christopher's Runaway Gourmay,37.54022092771283,-77.43085666209379,Food Truck
Biotech and MCV,37.5434554,-77.430753,Confederate White House,37.540734110255805,-77.42953499011759,History Museum
Biotech and MCV,37.5434554,-77.430753,The Library of Virginia,37.54117507368081,-77.4340463997427,Library
Biotech and MCV,37.5434554,-77.430753,Panera Bread,37.540031,-77.42967879999999,Coffee Shop
Biotech and MCV,37.5434554,-77.430753,Starbucks,37.5447216,-77.4296058,Coffee Shop
Biotech and MCV,37.5434554,-77.430753,John Marshall House,37.541946,-77.43305500000001,History Museum
Biotech and MCV,37.5434554,-77.430753,MCV Campus Recreation & Aquatic Center,37.54483083494511,-77.4296523035288,College Gym
Biotech and MCV,37.5434554,-77.430753,Einstein Bros Bagels,37.540501,-77.430384,Bagel Shop
Biotech and MCV,37.5434554,-77.430753,Richmond City Hall Observation Deck,37.54118649234692,-77.433070151048,Scenic Lookout
Biotech and MCV,37.5434554,-77.430753,Au Bon Pain,37.54046756021956,-77.42953984096472,Café
Biotech and MCV,37.5434554,-77.430753,Wendy’s,37.5404516,-77.4306884,Fast Food Restaurant
City Center,37.5429163,-77.4379257,Dominion Energy Center,37.54154888345216,-77.43696212768555,Performing Arts Venue
City Center,37.5429163,-77.4379257,Carpenter Theatre,37.54160048378776,-77.43687725243652,General Entertainment
City Center,37.5429163,-77.4379257,Pop's Market on Grace,37.542080357609365,-77.43851241380321,Café
City Center,37.5429163,-77.4379257,Secret Sandwich Society,37.54178707961536,-77.43822813034058,Sandwich Place
City Center,37.5429163,-77.4379257,Rappahannock Restaurant,37.54281,-77.439207,Seafood Restaurant
City Center,37.5429163,-77.4379257,The National,37.54189345405843,-77.43533156308092,Music Venue
City Center,37.5429163,-77.4379257,Greenleaf's Pool Room,37.54098240521079,-77.43799328176922,Sports Bar
City Center,37.5429163,-77.4379257,707 Fine Clothing,37.54393081083916,-77.43874311447144,Men's Store
City Center,37.5429163,-77.4379257,Penny Lane Pub,37.541188960535656,-77.43924215447322,Pub
City Center,37.5429163,-77.4379257,Soul Taco,37.544576,-77.43943399999999,Taco Place
City Center,37.5429163,-77.4379257,Wong Gonzalez,37.542402068655186,-77.43853969028625,Asian Restaurant
City Center,37.5429163,-77.4379257,Perly's,37.54384800818421,-77.44143577650136,Deli / Bodega
City Center,37.5429163,-77.4379257,Salt & Forge,37.545206,-77.44018299999999,Sandwich Place
City Center,37.5429163,-77.4379257,Vagabond,37.54203986453328,-77.43560639663632,American Restaurant
City Center,37.5429163,-77.4379257,Godfrey's Restaurant and Nightclub,37.543019726929764,-77.4396184158943,Gay Bar
City Center,37.5429163,-77.4379257,Cafe Rustika,37.54074,-77.44015,German Restaurant
City Center,37.5429163,-77.4379257,Jkogi,37.54532134001139,-77.43934119653908,Korean Restaurant
City Center,37.5429163,-77.4379257,Hilton,37.5423849,-77.4378458,Hotel
City Center,37.5429163,-77.4379257,Lucy's,37.54574619938642,-77.43905013464105,Café
City Center,37.5429163,-77.4379257,Richmond Marriott,37.5431723593463,-77.43663556873798,Hotel
City Center,37.5429163,-77.4379257,Sefton Coffee Company,37.539498175239615,-77.43668523218093,Coffee Shop
City Center,37.5429163,-77.4379257,The Library of Virginia,37.54117507368081,-77.4340463997427,Library
City Center,37.5429163,-77.4379257,Linden Row Inn,37.54364651026506,-77.44228375468717,Hotel
Court End,37.5441544,-77.43209569999998,The National,37.54189345405843,-77.43533156308092,Music Venue
Court End,37.5441544,-77.43209569999998,The Valentine,37.54154166414663,-77.43103242327882,Museum
Court End,37.5441544,-77.43209569999998,Barnes & Noble,37.543330966368025,-77.42902980118572,Bookstore
Court End,37.5441544,-77.43209569999998,The Library of Virginia,37.54117507368081,-77.4340463997427,Library
Court End,37.5441544,-77.43209569999998,Vagabond,37.54203986453328,-77.43560639663632,American Restaurant
Court End,37.5441544,-77.43209569999998,Starbucks,37.5447216,-77.4296058,Coffee Shop
Court End,37.5441544,-77.43209569999998,John Marshall House,37.541946,-77.43305500000001,History Museum
Court End,37.5441544,-77.43209569999998,MCV Campus Recreation & Aquatic Center,37.54483083494511,-77.4296523035288,College Gym
Court End,37.5441544,-77.43209569999998,Richmond City Hall Observation Deck,37.54118649234692,-77.433070151048,Scenic Lookout
Court End,37.5441544,-77.43209569999998,Richmond Marriott Hotel Concierge Lounge,37.5431780787125,-77.43643844423681,Hotel
Gambles Hill,37.537863,-77.44581509999998,Virginia War Memorial,37.536980890009396,-77.44831685099355,Monument / Landmark
Gambles Hill,37.537863,-77.44581509999998,Tredegar Iron Works,37.5351588907056,-77.44562739255825,Historic Site
Gambles Hill,37.537863,-77.44581509999998,The American Civil War Center At Historic Tredegar,37.53514322482142,-77.44552653664267,History Museum
Gambles Hill,37.537863,-77.44581509999998,Richmond Ballet,37.53865851255742,-77.44172683000035,Dance Studio
Gambles Hill,37.537863,-77.44581509999998,Gamble's Hill Park,37.537561017366386,-77.44672652949278,Park
Gambles Hill,37.537863,-77.44581509999998,Fireworks On The James,37.53582702570146,-77.4478237883254,Scenic Lookout
Gambles Hill,37.537863,-77.44581509999998,National Park Service Visitors Center,37.53516005981863,-77.44586330630948,Tourist Information Center
Gambles Hill,37.537863,-77.44581509999998,Holiday Inn Express Richmond - Downtown,37.5407675,-77.4434733,Hotel
Jackson Ward,37.54773839999999,-77.44007739999998,Mama Js,37.54646916644014,-77.43969620490937,Southern / Soul Food Restaurant
Jackson Ward,37.54773839999999,-77.44007739999998,Saison,37.54694753906145,-77.44205598639057,Cocktail Bar
Jackson Ward,37.54773839999999,-77.44007739999998,Saison Market,37.54684405613228,-77.4422189062302,Food & Drink Shop
Jackson Ward,37.54773839999999,-77.44007739999998,Max's on Broad,37.54635273903762,-77.44248361261603,French Restaurant
Jackson Ward,37.54773839999999,-77.44007739999998,Gallery 5,37.54755322340729,-77.44281483461361,Art Gallery
Jackson Ward,37.54773839999999,-77.44007739999998,Salt & Forge,37.545206,-77.44018299999999,Sandwich Place
Jackson Ward,37.54773839999999,-77.44007739999998,YMCA,37.549067959418274,-77.43893536059726,Gym
Jackson Ward,37.54773839999999,-77.44007739999998,Lucy's,37.54574619938642,-77.43905013464105,Café
Jackson Ward,37.54773839999999,-77.44007739999998,Stoplight Gelato Cafe,37.547618,-77.442327,Café
Jackson Ward,37.54773839999999,-77.44007739999998,Tarrant's Cafe,37.5455129909066,-77.4420846885243,New American Restaurant
Jackson Ward,37.54773839999999,-77.44007739999998,Jkogi,37.54532134001139,-77.43934119653908,Korean Restaurant
Jackson Ward,37.54773839999999,-77.44007739999998,Virginia Repertory Theatre,37.546514125625585,-77.44334987026785,Performing Arts Venue
Jackson Ward,37.54773839999999,-77.44007739999998,Quirk Hotel,37.5465,-77.444085,Hotel
Jackson Ward,37.54773839999999,-77.44007739999998,GWARbar,37.548828293606164,-77.4429964274168,Bar
Jackson Ward,37.54773839999999,-77.44007739999998,Comfort,37.54682178060564,-77.44364314661638,Southern / Soul Food Restaurant
Jackson Ward,37.54773839999999,-77.44007739999998,First Fridays Art Walk,37.547044655647056,-77.44384559168917,Art Gallery
Jackson Ward,37.54773839999999,-77.44007739999998,Soul Taco,37.544576,-77.43943399999999,Taco Place
Jackson Ward,37.54773839999999,-77.44007739999998,Chez Foushee,37.54488331545177,-77.44252801663737,French Restaurant
Jackson Ward,37.54773839999999,-77.44007739999998,Quirk Hotel Rooftop,37.54645959797033,-77.44410636599878,Hotel Bar
Jackson Ward,37.54773839999999,-77.44007739999998,Bar Solita,37.546172999999996,-77.443547,Mediterranean Restaurant
Jackson Ward,37.54773839999999,-77.44007739999998,Ledbury,37.54681454251017,-77.44431138038635,Men's Store
Jackson Ward,37.54773839999999,-77.44007739999998,Lift Coffee Shop & Café,37.547101402129336,-77.4442346260153,Coffee Shop
Jackson Ward,37.54773839999999,-77.44007739999998,Round Two,37.54633396663224,-77.44300326470415,Men's Store
Jackson Ward,37.54773839999999,-77.44007739999998,The Coalition Theater,37.54591788025318,-77.44217603445006,Comedy Club
Jackson Ward,37.54773839999999,-77.44007739999998,Hippodrome Theater,37.54724596115778,-77.43810516618335,Music Venue
Jackson Ward,37.54773839999999,-77.44007739999998,Barcode,37.54481861571483,-77.44248612795207,Gay Bar
Jackson Ward,37.54773839999999,-77.44007739999998,Maggie L Walker National Historic Site,37.547709999999995,-77.437478,History Museum
Jackson Ward,37.54773839999999,-77.44007739999998,Maple & Pine,37.54651746959265,-77.44393029401641,American Restaurant
Jackson Ward,37.54773839999999,-77.44007739999998,Thai Corner,37.545306096890904,-77.43929549925566,Thai Restaurant
Jackson Ward,37.54773839999999,-77.44007739999998,The Speakeasy Grill,37.54721451981759,-77.43825391954442,Southern / Soul Food Restaurant
Jackson Ward,37.54773839999999,-77.44007739999998,Bistro 27,37.54612553221586,-77.44295271050176,Italian Restaurant
Jackson Ward,37.54773839999999,-77.44007739999998,The Space Station,37.54971060508758,-77.44060129844331,Smoke Shop
Jackson Ward,37.54773839999999,-77.44007739999998,Black History Museum and Cultural Center of Virginia,37.550058,-77.441363,History Museum
Jackson Ward,37.54773839999999,-77.44007739999998,Abner Clay Park,37.54952639336526,-77.44255124732696,Park
Monroe Ward,37.5431096,-77.44581509999998,Triple Crossing Beer,37.541583,-77.445468,Brewery
Monroe Ward,37.5431096,-77.44581509999998,The Jefferson Hotel,37.54422542138484,-77.44569685078602,Hotel
Monroe Ward,37.5431096,-77.44581509999998,Madison+Main,37.54154379234975,-77.44431565840011,Advertising Agency
Monroe Ward,37.5431096,-77.44581509999998,Lemaire,37.5446620702017,-77.44503580223473,New American Restaurant
Monroe Ward,37.5431096,-77.44581509999998,TJ's,37.5441116321625,-77.44604285030887,New American Restaurant
Monroe Ward,37.5431096,-77.44581509999998,Graduate Richmond,37.5454682,-77.4465266,Hotel
Monroe Ward,37.5431096,-77.44581509999998,Perly's,37.54384800818421,-77.44143577650136,Deli / Bodega
Monroe Ward,37.5431096,-77.44581509999998,Chez Foushee,37.54488331545177,-77.44252801663737,French Restaurant
Monroe Ward,37.5431096,-77.44581509999998,Bar Solita,37.546172999999996,-77.443547,Mediterranean Restaurant
Monroe Ward,37.5431096,-77.44581509999998,Linden Row Inn,37.54364651026506,-77.44228375468717,Hotel
Monroe Ward,37.5431096,-77.44581509999998,The Commonwealth Club,37.54570655061937,-77.44763760854697,Lounge
Monroe Ward,37.5431096,-77.44581509999998,Chili's Grill & Bar,37.54373744,-77.44828263,Tex-Mex Restaurant
Monroe Ward,37.5431096,-77.44581509999998,Starbucks,37.54388744489345,-77.44855257388645,Coffee Shop
Midtown,37.5616852,-77.47031070000001,Sabai,37.56173900414727,-77.46908053030096,Thai Restaurant
Midtown,37.5616852,-77.47031070000001,Historic Monument Avenue,37.561056842981095,-77.4719981744968,Monument / Landmark
Midtown,37.5616852,-77.47031070000001,En Su Boca,37.563634273810585,-77.46946181619711,Mexican Restaurant
Midtown,37.5616852,-77.47031070000001,ALDI,37.56325563600076,-77.46846735477448,Market
Midtown,37.5616852,-77.47031070000001,Peter Chang,37.56308013311515,-77.47093483130138,Szechuan Restaurant
Midtown,37.5616852,-77.47031070000001,The Broadberry,37.56174479948325,-77.46931124606114,Music Venue
Midtown,37.5616852,-77.47031070000001,Victoria's Secret PINK,37.562749429852126,-77.46989187209486,Lingerie Store
Midtown,37.5616852,-77.47031070000001,Children's Museum of Richmond,37.562427390665356,-77.46721549260185,Museum
Midtown,37.5616852,-77.47031070000001,Boho Cycle Studio,37.56130293191687,-77.47397406631679,Gym / Fitness Center
Midtown,37.5616852,-77.47031070000001,Starbucks,37.56423461758045,-77.46885221078263,Coffee Shop
Midtown,37.5616852,-77.47031070000001,The HofGarden,37.563197693515896,-77.47097601344116,Beer Garden
Midtown,37.5616852,-77.47031070000001,Lalo's Cocina,37.56099196676017,-77.46814159228944,Latin American Restaurant
Midtown,37.5616852,-77.47031070000001,Akida Japanese,37.56055931888508,-77.47419748880056,Sushi Restaurant
Midtown,37.5616852,-77.47031070000001,River City Roll,37.56390395305964,-77.46832637940582,Bowling Alley
Midtown,37.5616852,-77.47031070000001,Growlers To Go,37.564237943621485,-77.46905540905657,Beer Store
Midtown,37.5616852,-77.47031070000001,Science Museum of Virginia,37.56119703344915,-77.46588691437216,Science Museum
Midtown,37.5616852,-77.47031070000001,Gus' Bar & Grill,37.5612217447379,-77.46835285948019,Sports Bar
Midtown,37.5616852,-77.47031070000001,Bingo Beer Co.,37.563651978596944,-77.47164654593305,Brewery
Midtown,37.5616852,-77.47031070000001,Three Notch'd Brewing Company RVA Collab House,37.56443161212568,-77.47235846774967,Brewery
Midtown,37.5616852,-77.47031070000001,Richmond Wine Station,37.564438,-77.472329,Wine Bar
Midtown,37.5616852,-77.47031070000001,Ethyl IMAX Dome & Planetarium,37.56136620728638,-77.46605956982623,Movie Theater
Midtown,37.5616852,-77.47031070000001,Buddy's Place,37.560466,-77.474485,Pub
Midtown,37.5616852,-77.47031070000001,Bandito's Burrito Lounge,37.55978914734715,-77.47363038764217,Mexican Restaurant
Midtown,37.5616852,-77.47031070000001,China Panda,37.56074283146404,-77.47408074354946,Chinese Restaurant
Midtown,37.5616852,-77.47031070000001,Redbox,37.56047439575195,-77.47401428222656,Video Store
Midtown,37.5616852,-77.47031070000001,Little Saint,37.56002717566311,-77.4733006967587,Restaurant
Midtown,37.5616852,-77.47031070000001,Perch,37.563841,-77.471986,Theme Restaurant
Midtown,37.5616852,-77.47031070000001,Chanello's Pizza,37.56254550321823,-77.47079592057075,Pizza Place
Midtown,37.5616852,-77.47031070000001,Subway,37.562462090096155,-77.47049421222755,Sandwich Place
Midtown,37.5616852,-77.47031070000001,Hardee's,37.5631033,-77.4692481,Fast Food Restaurant
Midtown,37.5616852,-77.47031070000001,7-Eleven,37.5630106,-77.4702921,Convenience Store
Midtown,37.5616852,-77.47031070000001,Arianna's Grill,37.56092754522377,-77.47404174811253,Pizza Place
Midtown,37.5616852,-77.47031070000001,CVS pharmacy,37.56249963225823,-77.4698289456128,Pharmacy
Midtown,37.5616852,-77.47031070000001,Intersection of W Broad St and North Boulevard,37.56063617667442,-77.46892833787862,Intersection
Midtown,37.5616852,-77.47031070000001,Wine & Design,37.5612840274414,-77.46876384997702,Home Service
Midtown,37.5616852,-77.47031070000001,Studio X,37.5612678527832,-77.46881866455078,Dance Studio
Midtown,37.5616852,-77.47031070000001,China-town Bus,37.56343460083008,-77.4710464477539,Bus Station
Midtown,37.5616852,-77.47031070000001,Puritan Cleaners,37.56395,-77.469895,Dry Cleaner
Midtown,37.5616852,-77.47031070000001,Sheppard Street Market,37.561129,-77.473955,Convenience Store
Midtown,37.5616852,-77.47031070000001,Sheppard Street Tavern,37.56078924833429,-77.4740031259561,Bar
Shockoe Bottom,37.5337726,-77.42682560000002,Grace Noodle,37.53246049960262,-77.42694629222524,Noodle House
Shockoe Bottom,37.5337726,-77.42682560000002,Rosie Connolly's,37.53393704735952,-77.42845655890663,Pub
Shockoe Bottom,37.5337726,-77.42682560000002,Julep's New Southern Cuisine,37.53375037049065,-77.42683373631408,Southern / Soul Food Restaurant
Shockoe Bottom,37.5337726,-77.42682560000002,Ironclad Coffee,37.53432466394541,-77.42574499019021,Coffee Shop
Shockoe Bottom,37.5337726,-77.42682560000002,Lulu's,37.53409120361018,-77.42802797386697,New American Restaurant
Shockoe Bottom,37.5337726,-77.42682560000002,Havana '59,37.53382332373362,-77.42832524008547,Cuban Restaurant
Shockoe Bottom,37.5337726,-77.42682560000002,Hot Chick,37.533716872595825,-77.42846442497422,Fried Chicken Joint
Shockoe Bottom,37.5337726,-77.42682560000002,Sumo San,37.53310148736823,-77.42795872986305,Sushi Restaurant
Shockoe Bottom,37.5337726,-77.42682560000002,southern kitchen,37.532894,-77.427723,Southern / Soul Food Restaurant
Shockoe Bottom,37.5337726,-77.42682560000002,Station 2,37.531568108139965,-77.42513445321937,Burger Joint
Shockoe Bottom,37.5337726,-77.42682560000002,The Edgar Allan Poe Museum,37.53210634474117,-77.42606431245804,Museum
Shockoe Bottom,37.5337726,-77.42682560000002,Kulture,37.53316894308822,-77.42744495701122,Smoke Shop
Shockoe Bottom,37.5337726,-77.42682560000002,Addis Ethiopian Restaurant,37.533740094128625,-77.42812559008598,Ethiopian Restaurant
Shockoe Bottom,37.5337726,-77.42682560000002,On the ROX,37.534222449668455,-77.42619926435388,Bar
Shockoe Bottom,37.5337726,-77.42682560000002,Tio Pablo,37.53415584866203,-77.42760197601748,Mexican Restaurant
Shockoe Bottom,37.5337726,-77.42682560000002,Whisk Bakery,37.53133177771313,-77.42491481163917,Bakery
Shockoe Bottom,37.5337726,-77.42682560000002,Church Hill Lookout,37.53278360348221,-77.42288139398875,Scenic Lookout
Shockoe Bottom,37.5337726,-77.42682560000002,25 Watt,37.533941999999996,-77.426231,Dive Bar
Shockoe Bottom,37.5337726,-77.42682560000002,Bottoms Up Pizza,37.53231133845205,-77.42941262839378,Pizza Place
Shockoe Bottom,37.5337726,-77.42682560000002,17th Street Farmer's Market,37.53373954653926,-77.42843872559801,Farmers Market
Shockoe Bottom,37.5337726,-77.42682560000002,Honey Whyte's,37.530948661183125,-77.4243698144921,Bar
Shockoe Bottom,37.5337726,-77.42682560000002,Shockoe Denim,37.53401752187561,-77.43087085883772,Clothing Store
Shockoe Bottom,37.5337726,-77.42682560000002,Grandstaff & Stein,37.530917827815664,-77.42460290401718,Speakeasy
Shockoe Bottom,37.5337726,-77.42682560000002,Richmond Balance,37.532854585520035,-77.42738650053361,Gym
Shockoe Bottom,37.5337726,-77.42682560000002,Rooftop Pool at American Tobacco Center,37.53292121026489,-77.42441966696849,Pool
Shockoe Bottom,37.5337726,-77.42682560000002,Virginia Holocaust Museum,37.53093987557506,-77.42612063884735,History Museum
Shockoe Bottom,37.5337726,-77.42682560000002,Tk's,37.533297999999995,-77.427504,Burger Joint
Shockoe Bottom,37.5337726,-77.42682560000002,East Villa Restaurant,37.53236009994115,-77.42661138741873,Chinese Restaurant
Shockoe Bottom,37.5337726,-77.42682560000002,Virginia ABC Store,37.53141414987878,-77.42508235730216,Liquor Store
Shockoe Bottom,37.5337726,-77.42682560000002,Richmond Cigar Factory,37.533994774586866,-77.42809664531714,Smoke Shop
Shockoe Bottom,37.5337726,-77.42682560000002,McCormack's Irish Pub,37.53352684313546,-77.42707676332374,Pub
Shockoe Bottom,37.5337726,-77.42682560000002,Nota Bene Restaurant & Bar,37.53103523166646,-77.42451838358953,Italian Restaurant
Shockoe Bottom,37.5337726,-77.42682560000002,Canal Walk,37.53224981168466,-77.4292147301419,Trail
Shockoe Bottom,37.5337726,-77.42682560000002,2001 East,37.533866182381004,-77.42279388949017,Residential Building (Apartment / Condo)
Shockoe Bottom,37.5337726,-77.42682560000002,The Gym @ CedarBroad,37.53519483020507,-77.42426612188088,Gym
Shockoe Slip,37.5344285,-77.43218759999998,The Hard Shell,37.53412230864754,-77.43192046709501,Seafood Restaurant
Shockoe Slip,37.5344285,-77.43218759999998,La Grotta Ristorante,37.53546735902351,-77.43390404680333,Italian Restaurant
Shockoe Slip,37.5344285,-77.43218759999998,Shockoe Denim,37.53401752187561,-77.43087085883772,Clothing Store
Shockoe Slip,37.5344285,-77.43218759999998,Courtyard by Marriott Richmond Downtown,37.5349603,-77.4330281,Hotel
Shockoe Slip,37.5344285,-77.43218759999998,City Dogs,37.535000794469106,-77.43319410845737,Hot Dog Joint
Shockoe Slip,37.5344285,-77.43218759999998,Siné Irish Pub & Restaurant,37.534645400220086,-77.43280592161871,Pub
Shockoe Slip,37.5344285,-77.43218759999998,Bistro Bobette,37.53562147168337,-77.43435262322919,French Restaurant
Shockoe Slip,37.5344285,-77.43218759999998,Shockoe Slip Yoga,37.535156381649415,-77.43354810803265,Yoga Studio
Shockoe Slip,37.5344285,-77.43218759999998,The Urban Farmhouse Market & Café,37.535342989670035,-77.4338164473799,Coffee Shop
Shockoe Slip,37.5344285,-77.43218759999998,Rosie Connolly's,37.53393704735952,-77.42845655890663,Pub
Shockoe Slip,37.5344285,-77.43218759999998,Omni Richmond Hotel,37.53565597,-77.43531341,Hotel
Shockoe Slip,37.5344285,-77.43218759999998,Canal Walk,37.53379007808501,-77.43640422821045,Trail
Shockoe Slip,37.5344285,-77.43218759999998,Boka Tako Truck,37.536233217871604,-77.43555257030744,Food Truck
Shockoe Slip,37.5344285,-77.43218759999998,Pipeline,37.53281048437827,-77.43544610195727,Park
Shockoe Slip,37.5344285,-77.43218759999998,Hot Chick,37.533716872595825,-77.42846442497422,Fried Chicken Joint
Shockoe Slip,37.5344285,-77.43218759999998,Havana '59,37.53382332373362,-77.42832524008547,Cuban Restaurant
Shockoe Slip,37.5344285,-77.43218759999998,Lulu's,37.53409120361018,-77.42802797386697,New American Restaurant
Shockoe Slip,37.5344285,-77.43218759999998,Bottoms Up Pizza,37.53231133845205,-77.42941262839378,Pizza Place
Shockoe Slip,37.5344285,-77.43218759999998,The Tobacco Company Restaurant,37.535802301963045,-77.43467152896547,American Restaurant
Shockoe Slip,37.5344285,-77.43218759999998,Jo-Jo's Pizza,37.53670100023818,-77.43395382431333,Pizza Place
Shockoe Slip,37.5344285,-77.43218759999998,Sam Miller's,37.53561042306053,-77.43421317662488,Wine Bar
Shockoe Slip,37.5344285,-77.43218759999998,LaDifference,37.53345782223779,-77.43250977812052,Furniture / Home Store
Shockoe Slip,37.5344285,-77.43218759999998,Shockoe Espresso & Roastery,37.5351005680873,-77.434410795106,Coffee Shop
Shockoe Slip,37.5344285,-77.43218759999998,17th Street Farmer's Market,37.53373954653926,-77.42843872559801,Farmers Market
Shockoe Slip,37.5344285,-77.43218759999998,Addis Ethiopian Restaurant,37.533740094128625,-77.42812559008598,Ethiopian Restaurant
Shockoe Slip,37.5344285,-77.43218759999998,Capitol Waffle Shop,37.536724,-77.434186,Breakfast Spot
Shockoe Slip,37.5344285,-77.43218759999998,Richmond Cigar Factory,37.533994774586866,-77.42809664531714,Smoke Shop
Shockoe Slip,37.5344285,-77.43218759999998,Canal Walk,37.53224981168466,-77.4292147301419,Trail
Shockoe Slip,37.5344285,-77.43218759999998,James Center YMCA,37.53558818175437,-77.43601228389346,Gym
Upper Shockoe Valley,37.54357020000001,-77.4257319,Barnes & Noble,37.543330966368025,-77.42902980118572,Bookstore
Upper Shockoe Valley,37.54357020000001,-77.4257319,Starbucks,37.5447216,-77.4296058,Coffee Shop
Upper Shockoe Valley,37.54357020000001,-77.4257319,MCV Campus Recreation & Aquatic Center,37.54483083494511,-77.4296523035288,College Gym
Upper Shockoe Valley,37.54357020000001,-77.4257319,Aramark - Office Coffee & Water Services,37.54397883,-77.42381883,Paper / Office Supplies Store
Brauers,37.5468454,-77.41353670000002,Stop & Go,37.54934,-77.414744,Deli / Bodega
Brauers,37.5468454,-77.41353670000002,Mosby Market and Deli,37.545162200927734,-77.41650390625,Pizza Place
Brauers,37.5468454,-77.41353670000002,Woolfolk And Sons,37.550261,-77.41337800000001,Seafood Restaurant
Brauers,37.5468454,-77.41353670000002,Sandra's kitchen,37.544453611065585,-77.41672295271354,Southern / Soul Food Restaurant
Chimborazo,37.5282873,-77.40564509999999,Chimbo Mart,37.53083386918587,-77.40677557792331,Grocery Store
Chimborazo,37.5282873,-77.40564509999999,The Hidden Manor,37.52917,-77.40720400000001,Art Gallery
Church Hill,37.5328397,-77.4162523,Dutch & Co.,37.531431506480246,-77.41620466129925,New American Restaurant
Church Hill,37.5328397,-77.4162523,Well-Made Pastry Alliance,37.53131778879833,-77.41616673898986,Bakery
Church Hill,37.5328397,-77.4162523,Liberty Public House,37.533115381762045,-77.41750454233176,New American Restaurant
Church Hill,37.5328397,-77.4162523,Sub Rosa Bakery,37.53491531890891,-77.41586937258757,Bakery
Church Hill,37.5328397,-77.4162523,Proper Pie Co.,37.53149972291434,-77.41857177773738,Bakery
Church Hill,37.5328397,-77.4162523,The Roosevelt,37.535085034509144,-77.41541053780736,Southern / Soul Food Restaurant
Church Hill,37.5328397,-77.4162523,Union Market,37.53508,-77.41793,Deli / Bodega
Church Hill,37.5328397,-77.4162523,The Hill Cafe,37.529980527543515,-77.4160104378461,American Restaurant
Church Hill,37.5328397,-77.4162523,Alamo BBQ,37.534955944366665,-77.41956473532514,BBQ Joint
Church Hill,37.5328397,-77.4162523,St. John's Church,37.531891189888796,-77.419771766198,Historic Site
Church Hill,37.5328397,-77.4162523,Patrick Henry's Pub & Grille,37.53283141301023,-77.42037548375669,Pub
Church Hill,37.5328397,-77.4162523,Temple,37.530062,-77.41669300000001,Thai Restaurant
Church Hill,37.5328397,-77.4162523,Str8 Out Of Philly,37.52977765303235,-77.41505637882588,Sandwich Place
Church Hill,37.5328397,-77.4162523,Dear Neighbor,37.535027,-77.41669,Gift Shop
Church Hill,37.5328397,-77.4162523,Urban Set Bride,37.532263,-77.412716,Bridal Shop
Church Hill,37.5328397,-77.4162523,Ethel Bailey Furman Memorial Park,37.53402383096392,-77.41258114501493,Park
Creighton,37.5451415,-77.39775290000001,Family Dollar,37.542646000000005,-77.40073199999999,Discount Store
Eastview,37.5498917,-77.4113845,Church's Chicken,37.552873999999996,-77.412449,Fried Chicken Joint
Eastview,37.5498917,-77.4113845,Woolfolk And Sons,37.550261,-77.41337800000001,Seafood Restaurant
Eastview,37.5498917,-77.4113845,Stop & Go,37.54934,-77.414744,Deli / Bodega
Eastview,37.5498917,-77.4113845,Community supermarket,37.552968,-77.410954,Grocery Store
Fairmount,37.5415995,-77.41353670000002,Family Dollar,37.540157,-77.41115699999999,Discount Store
Fairmount,37.5415995,-77.41353670000002,Market At 25th,37.5409695,-77.4104346,Grocery Store
Fairmount,37.5415995,-77.41353670000002,DaVinci,37.539336,-77.411807,Pizza Place
Fairmount,37.5415995,-77.41353670000002,Virginia ABC Store #187,37.538245410090646,-77.41306655745878,Liquor Store
Fulton Hill,37.5157061,-77.39847040000002,Krispies Fried Chicken,37.51440229812966,-77.39503651857376,American Restaurant
Montrose Heights,37.5218006,-77.39416539999998,Montrose Heights Playground,37.52254012415363,-77.3941569878039,Playground
Mosby,37.5463076,-77.4207105,Oldest Commercial Building in Richmond,37.543446,-77.422604,Scenic Lookout
Mosby,37.5463076,-77.4207105,Aramark - Office Coffee & Water Services,37.54397883,-77.42381883,Paper / Office Supplies Store
Mosby,37.5463076,-77.4207105,Mosby Market and Deli,37.545162200927734,-77.41650390625,Pizza Place
Navy Hill,37.54655109999999,-77.432637,Starbucks,37.5447216,-77.4296058,Coffee Shop
Navy Hill,37.54655109999999,-77.432637,VCU Warner Hall,37.54460906982422,-77.4300765991211,Garden
Navy Hill,37.54655109999999,-77.432637,MCV Campus Recreation & Aquatic Center,37.54483083494511,-77.4296523035288,College Gym
Navy Hill,37.54655109999999,-77.432637,The dog Wagon,37.544927345719245,-77.4320278552214,Food Truck
Navy Hill,37.54655109999999,-77.432637,Cornerstop Cafe,37.54741829893913,-77.43433658381561,Café
Navy Hill,37.54655109999999,-77.432637,"Jonah's, A Culinary Emporium",37.54472250650731,-77.429969498136,College Cafeteria
Oakwood,37.5329145,-77.3999054,oakwood park,37.53347519459808,-77.40199896416947,Park
Oakwood,37.5329145,-77.3999054,Oakwood Playground,37.535308837890625,-77.39888763427734,Playground
Peter Paul,37.54491470000001,-77.40779739999998,Rambo's Drywall,37.542943,-77.408457,Construction & Landscaping
Tobacco Row,37.5288108,-77.42227969999998,23rd & Main Taproom,37.53020044532811,-77.42280465845162,American Restaurant
Tobacco Row,37.5288108,-77.42227969999998,Millie's,37.528283,-77.420353,Diner
Tobacco Row,37.5288108,-77.42227969999998,Honey Whyte's,37.530948661183125,-77.4243698144921,Bar
Tobacco Row,37.5288108,-77.42227969999998,Bookbinder's Restaurant,37.52909629872001,-77.42324273502707,Seafood Restaurant
Tobacco Row,37.5288108,-77.42227969999998,Grandstaff & Stein,37.530917827815664,-77.42460290401718,Speakeasy
Tobacco Row,37.5288108,-77.42227969999998,CVS pharmacy,37.52943059214288,-77.42172865220509,Pharmacy
Tobacco Row,37.5288108,-77.42227969999998,Whisk Bakery,37.53133177771313,-77.42491481163917,Bakery
Tobacco Row,37.5288108,-77.42227969999998,Station 2,37.531568108139965,-77.42513445321937,Burger Joint
Tobacco Row,37.5288108,-77.42227969999998,Nota Bene Restaurant & Bar,37.53103523166646,-77.42451838358953,Italian Restaurant
Tobacco Row,37.5288108,-77.42227969999998,Poe's Pub,37.52784104389087,-77.41911551801034,Pub
Tobacco Row,37.5288108,-77.42227969999998,Great Shiplock Park,37.526566906621376,-77.42093746769905,Park
Tobacco Row,37.5288108,-77.42227969999998,Virginia ABC Store,37.53141414987878,-77.42508235730216,Liquor Store
Tobacco Row,37.5288108,-77.42227969999998,Starbucks,37.53006249709207,-77.42214807655581,Coffee Shop
Tobacco Row,37.5288108,-77.42227969999998,Redbox,37.53007583786918,-77.42198868344363,Video Store
Tobacco Row,37.5288108,-77.42227969999998,Farm Fresh,37.53034517934847,-77.42196188138223,Grocery Store
Tobacco Row,37.5288108,-77.42227969999998,The River Lofts - Cameron Pool,37.52907463861642,-77.42215553437923,Pool
Tobacco Row,37.5288108,-77.42227969999998,Pohlig Gym,37.529914,-77.421201,Gym
Tobacco Row,37.5288108,-77.42227969999998,"Ronnie's Ribs, Wings, & Other Things",37.52882503860542,-77.42049644093036,BBQ Joint
Tobacco Row,37.5288108,-77.42227969999998,The River Lofts at Tobacco Row - Consolidated Carolina Gym,37.52976119542579,-77.42427019826995,Gym
Tobacco Row,37.5288108,-77.42227969999998,Lucky Strike Smoke Stack RVA,37.527629378225086,-77.42000714918147,Sake Bar
Union Hill,37.5377053,-77.4199931,Alamo BBQ,37.534955944366665,-77.41956473532514,BBQ Joint
Union Hill,37.5377053,-77.4199931,Union Market,37.53508,-77.41793,Deli / Bodega
Union Hill,37.5377053,-77.4199931,Metzger Bar & Butchery,37.53705529054987,-77.41634581017537,German Restaurant
Union Hill,37.5377053,-77.4199931,Jefferson Park,37.5351821639176,-77.42197425961163,Playground
Union Hill,37.5377053,-77.4199931,Union Hill,37.53683845465189,-77.41892550435978,Scenic Lookout
Union Hill,37.5377053,-77.4199931,Pomona Plants,37.538117,-77.419318,Café
Union Hill,37.5377053,-77.4199931,Kahlo’s Taqueria,37.536594,-77.417025,Mexican Restaurant
Union Hill,37.5377053,-77.4199931,James River Press,37.53974914550781,-77.42349243164062,Print Shop
Witcomb Court,37.55593289999999,-77.41850199999998,4EvaFly & Co,37.553184,-77.42126,Boutique
Barton Heights,37.5599252,-77.4314703,Cherub Records,37.558363662806315,-77.43062782287598,Record Shop
Barton Heights,37.5599252,-77.4314703,The Wingnut,37.560523986816406,-77.43203735351562,Speakeasy
Barton Heights,37.5599252,-77.4314703,GRTC Stop 1959,37.561809,-77.433431,Bus Stop
Barton Heights,37.5599252,-77.4314703,Cannon Creek Greenway,37.56272835252721,-77.42909789085388,Trail
Bellevue,37.5908319,-77.45755390000002,The Mill on MacArthur,37.589252274520696,-77.45823498185725,American Restaurant
Bellevue,37.5908319,-77.45755390000002,Dot's Back Inn,37.589940233955744,-77.45848685503006,Diner
Bellevue,37.5908319,-77.45755390000002,Once Upon A Vine,37.588659049404335,-77.45780250079791,Wine Shop
Bellevue,37.5908319,-77.45755390000002,Stir Crazy Cafe,37.58905094521035,-77.45819136952564,Coffee Shop
Bellevue,37.5908319,-77.45755390000002,Little House Green Grocery,37.59098356473081,-77.45349637150792,Gourmet Shop
Bellevue,37.5908319,-77.45755390000002,Enoteca Sogno,37.590924949450226,-77.45340444671719,Italian Restaurant
Bellevue,37.5908319,-77.45755390000002,Northside Grille,37.59097843955514,-77.4531125079948,Bar
Bellevue,37.5908319,-77.45755390000002,Decatur's Garage,37.590070000000004,-77.45799699999999,Auto Workshop
Bellevue,37.5908319,-77.45755390000002,Mi Jalisco,37.589174,-77.457986,Mexican Restaurant
Bellevue,37.5908319,-77.45755390000002,Zorba's Pizza,37.589715000000005,-77.458523,Pizza Place
Bellevue,37.5908319,-77.45755390000002,4025 Yoga & Wellness,37.58929123994074,-77.45825305340402,Yoga Studio
Bellevue,37.5908319,-77.45755390000002,Grey Hill Café,37.588645,-77.457689,Food Truck
Bellevue,37.5908319,-77.45755390000002,Nicola Flora,37.590792,-77.453265,Flower Shop
Chamberlayne Industrial Center,37.5593799,-77.4425219,Beautiful Hair Suply,37.559800417056714,-77.44232151368821,Cosmetics Shop
Chamberlayne Industrial Center,37.5593799,-77.4425219,First Tee Richmond,37.55965740687051,-77.43812459156993,Golf Course
Chamberlayne Industrial Center,37.5593799,-77.4425219,ReStore,37.560561440566566,-77.44062046185284,Miscellaneous Shop
Chamberlayne Industrial Center,37.5593799,-77.4425219,Shell,37.56279504,-77.44307891,Gas Station
Chamberlayne Industrial Center,37.5593799,-77.4425219,Skoolz Of Fish,37.556828,-77.441937,Pet Store
Chamberlayne Industrial Center,37.5593799,-77.4425219,McDonald's,37.562127,-77.4426231,Fast Food Restaurant
Chamberlayne Industrial Center,37.5593799,-77.4425219,Tabol Brewing,37.56234,-77.44141,Brewery
Edgewood,37.5806331,-77.43505669999998,Main 9 West Galley,37.582024,-77.431655,Café
Ginter Park,37.5836035,-77.4443807,Budget Blinds,37.58157730102539,-77.44239044189453,Furniture / Home Store
Ginter Park,37.5836035,-77.4443807,Lewis Ginter Recreation Association,37.58105750066006,-77.44384618146296,Event Space
Ginter Park,37.5836035,-77.4443807,L + Catering,37.584259,-77.447855,Food
Ginter Park,37.5836035,-77.4443807,All Saints' Playground,37.580613,-77.443368,Playground
Ginter Park,37.5836035,-77.4443807,Frog Bottom Farm CSA Pick-up (Ginter Park Presbyterian Church),37.58198547363281,-77.44789123535156,Farmers Market
Green Park,37.5689085,-77.42357990000002,Hotchkiss Pool,37.56926743445715,-77.42359906706697,Pool
Hermitage Road,37.5782127,-77.4616853,Kitchen 64,37.57769517187793,-77.46214551662601,Breakfast Spot
Hermitage Road,37.5782127,-77.4616853,Sweet 95,37.57749718147877,-77.46227498305592,Ice Cream Shop
Highland Park,37.5741117,-77.41712369999998,School bus Runs,37.57472110796917,-77.41453717286169,Bus Stop
Highland Park,37.5741117,-77.41712369999998,Boaz & Ruth Firehouse Cafe,37.570871999999994,-77.418446,American Restaurant
Highland Park,37.5741117,-77.41712369999998,Firehouse 15 Restaurant,37.57083511352539,-77.41844940185547,Restaurant
Highland Terrace,37.57210870000001,-77.4228625,Hotchkiss Pool,37.56926743445715,-77.42359906706697,Pool
Laburnum Park,37.5810596,-77.45728969999998,Zacharias Ganey Health Institute,37.58012,-77.45302,Gym / Fitness Center
Laburnum Park,37.5810596,-77.45728969999998,ginter gym,37.579234,-77.454424,Athletics & Sports
Laburnum Park,37.5810596,-77.45728969999998,Labyrinth,37.5791201033994,-77.45446875045594,Park
Magnolia Industrial Center,37.5614245,-77.4149715,My Guys Moving & Storage,37.55935,-77.41334,Home Service
North Highland Park,37.5741117,-77.41712369999998,School bus Runs,37.57472110796917,-77.41453717286169,Bus Stop
North Highland Park,37.5741117,-77.41712369999998,Boaz & Ruth Firehouse Cafe,37.570871999999994,-77.418446,American Restaurant
North Highland Park,37.5741117,-77.41712369999998,Firehouse 15 Restaurant,37.57083511352539,-77.41844940185547,Restaurant
Pine Camp,37.5987539,-77.44509790000002,Pine Camp Cultural Arts Center,37.59975239574418,-77.44580461646831,Art Gallery
Pine Camp,37.5987539,-77.44509790000002,Baseball with may may,37.59679,-77.443784,Baseball Field
Pine Camp,37.5987539,-77.44509790000002,Henderson Sports Center,37.59662223582929,-77.44388481401813,Other Great Outdoors
Pine Camp,37.5987539,-77.44509790000002,Northside Dog Park,37.598049053472806,-77.44134654143149,Dog Run
Providence Park,37.5776619,-77.4257319,Diamond D'S Towing,37.5750079859658,-77.42664098739624,Auto Garage
Rosedale,37.5846064,-77.4658948,Kitty Korner,37.58398109538457,-77.47003191999858,Lounge
South Barton Heights,37.5599252,-77.4314703,Cherub Records,37.558363662806315,-77.43062782287598,Record Shop
South Barton Heights,37.5599252,-77.4314703,The Wingnut,37.560523986816406,-77.43203735351562,Speakeasy
South Barton Heights,37.5599252,-77.4314703,GRTC Stop 1959,37.561809,-77.433431,Bus Stop
South Barton Heights,37.5599252,-77.4314703,Cannon Creek Greenway,37.56272835252721,-77.42909789085388,Trail
Three Corners,37.5358745,-77.4356571,Boka Tako Truck,37.536233217871604,-77.43555257030744,Food Truck
Three Corners,37.5358745,-77.4356571,La Grotta Ristorante,37.53546735902351,-77.43390404680333,Italian Restaurant
Three Corners,37.5358745,-77.4356571,Canal Walk,37.53379007808501,-77.43640422821045,Trail
Three Corners,37.5358745,-77.4356571,Omni Richmond Hotel,37.53565597,-77.43531341,Hotel
Three Corners,37.5358745,-77.4356571,Bistro Bobette,37.53562147168337,-77.43435262322919,French Restaurant
Three Corners,37.5358745,-77.4356571,City Dogs,37.535000794469106,-77.43319410845737,Hot Dog Joint
Three Corners,37.5358745,-77.4356571,Courtyard by Marriott Richmond Downtown,37.5349603,-77.4330281,Hotel
Three Corners,37.5358745,-77.4356571,Shockoe Slip Yoga,37.535156381649415,-77.43354810803265,Yoga Studio
Three Corners,37.5358745,-77.4356571,The Urban Farmhouse Market & Café,37.535342989670035,-77.4338164473799,Coffee Shop
Three Corners,37.5358745,-77.4356571,Jo-Jo's Pizza,37.53670100023818,-77.43395382431333,Pizza Place
Three Corners,37.5358745,-77.4356571,Chopt,37.536556243896484,-77.43724822998047,Salad Place
Three Corners,37.5358745,-77.4356571,The Tobacco Company Restaurant,37.535802301963045,-77.43467152896547,American Restaurant
Three Corners,37.5358745,-77.4356571,Casa Del Barco,37.53380896034503,-77.43718499793899,Mexican Restaurant
Three Corners,37.5358745,-77.4356571,Christopher's Runaway Gourmay,37.53747825995306,-77.43517152523128,Food Truck
Three Corners,37.5358745,-77.4356571,Siné Irish Pub & Restaurant,37.534645400220086,-77.43280592161871,Pub
Three Corners,37.5358745,-77.4356571,The Hard Shell,37.53412230864754,-77.43192046709501,Seafood Restaurant
Three Corners,37.5358745,-77.4356571,Pipeline,37.53281048437827,-77.43544610195727,Park
Three Corners,37.5358745,-77.4356571,Sam Miller's,37.53561042306053,-77.43421317662488,Wine Bar
Three Corners,37.5358745,-77.4356571,Shockoe Espresso & Roastery,37.5351005680873,-77.434410795106,Coffee Shop
Three Corners,37.5358745,-77.4356571,Capitol Waffle Shop,37.536724,-77.434186,Breakfast Spot
Three Corners,37.5358745,-77.4356571,Mom's Siam 2,37.53505630129439,-77.43346149326737,Thai Restaurant
Three Corners,37.5358745,-77.4356571,Fountain Bookstore,37.53507224739048,-77.43333667028828,Bookstore
Three Corners,37.5358745,-77.4356571,Trevi's Grille,37.535849878930314,-77.43524893437365,Italian Restaurant
Three Corners,37.5358745,-77.4356571,Capitol Square,37.53929258034444,-77.43465599164968,Park
Three Corners,37.5358745,-77.4356571,Suntrust Bank Cafeteria,37.537613658971935,-77.4357129598583,Diner
Three Corners,37.5358745,-77.4356571,LaDifference,37.53345782223779,-77.43250977812052,Furniture / Home Store
Three Corners,37.5358745,-77.4356571,7-Eleven,37.5374241,-77.4354608,Convenience Store
Three Corners,37.5358745,-77.4356571,Residence Inn Richmond Downtown,37.534895687589916,-77.43250488871865,Hotel
Three Corners,37.5358745,-77.4356571,Starbucks,37.536043986352865,-77.43511130408636,Coffee Shop
Three Corners,37.5358745,-77.4356571,James Center YMCA,37.53558818175437,-77.43601228389346,Gym
Three Corners,37.5358745,-77.4356571,Berkeley Hotel,37.53581594977504,-77.434613473491,Hotel
Three Corners,37.5358745,-77.4356571,Southern Railway Taphouse,37.53372778004557,-77.43274602018647,Beer Garden
Three Corners,37.5358745,-77.4356571,Wendy’s,37.53680592862063,-77.43777770273218,Fast Food Restaurant
Three Corners,37.5358745,-77.4356571,Padow's Hams & Deli,37.53730321323944,-77.43514541634154,Deli / Bodega
Three Corners,37.5358745,-77.4356571,Jimmy John's,37.53497828882712,-77.43313082842779,Sandwich Place
Three Corners,37.5358745,-77.4356571,Mijas Mexican Kitchen & Cantina,37.53550614629446,-77.43385799706255,Mexican Restaurant
Three Corners,37.5358745,-77.4356571,Vanquish Ultra Lounge,37.53744644692235,-77.43522640487298,Lounge
Three Corners,37.5358745,-77.4356571,FedEx Office Print & Ship Center,37.5366718,-77.4342827,Shipping Store
Three Corners,37.5358745,-77.4356571,Potbelly Sandwich Shop,37.537214,-77.438114,Sandwich Place
Three Corners,37.5358745,-77.4356571,Subway,37.536342039035226,-77.43355726589766,Sandwich Place
Three Corners,37.5358745,-77.4356571,stan's shoe repair,37.53766130123585,-77.43606249630311,Shoe Store
Three Corners,37.5358745,-77.4356571,Kanawha Plaza,37.5366850060401,-77.43924528001838,Plaza
Three Corners,37.5358745,-77.4356571,Quiznos,37.5388543,-77.437623,Sandwich Place
Washington Park,37.5896941,-77.44007739999998,Team Construction Company of Richmond,37.591260999999996,-77.439578,Construction & Landscaping
Washington Park,37.5896941,-77.44007739999998,Metro by T-Mobile,37.586892023170066,-77.4422223082255,Mobile Phone Shop
Ancarrow's Landing,37.5189793,-77.42075229999998,Ancarrow's Landing,37.51772689819336,-77.42279052734375,Park
Ancarrow's Landing,37.5189793,-77.42075229999998,Richmond Slave Trail,37.52120548820808,-77.41965967889412,Park
Ancarrow's Landing,37.5189793,-77.42075229999998,Flatheads,37.52024027962412,-77.41666690759365,Seafood Restaurant
Ancarrow's Landing,37.5189793,-77.42075229999998,James River Rockett's Landing,37.51896800073104,-77.41622975472399,Harbor / Marina
Blackwell,37.5165639,-77.4429463,Hardwood Floor Refinishing of Richmond,37.51341086304209,-77.44429528713226,Home Service
Brandermill,37.4320932,-77.64971390000002,A Step Above Construction,37.433182719476605,-77.65384554862976,Construction & Landscaping
Brandermill,37.4320932,-77.64971390000002,Adams Home Exteriors,37.431506089019365,-77.65414595603943,Home Service
Broad Rock,37.4704256,-77.4830405,Redbox,37.47011,-77.48249,Video Store
Broad Rock,37.4704256,-77.4830405,CVS pharmacy,37.46940342129853,-77.48254953379707,Pharmacy
Broad Rock,37.4704256,-77.4830405,7-Eleven,37.47047239379281,-77.48170846069807,Convenience Store
Broad Rock,37.4704256,-77.4830405,Little Caesars Pizza,37.469241,-77.48309,Pizza Place
Broad Rock,37.4704256,-77.4830405,Bocata Latin Grill,37.46931273096817,-77.48316049575804,Venezuelan Restaurant
Broad Rock,37.4704256,-77.4830405,Daddy Rabbits,37.473219,-77.482459,Food
Cherry Gardens,37.4820919,-77.4591507,The Crab Hut,37.48110580444336,-77.4632339477539,Seafood Restaurant
Cofer,37.4971094,-77.45728969999998,EZ Mart,37.49713279073176,-77.45998258981493,Mobile Phone Shop
Cofer,37.4971094,-77.45728969999998,Byte Federal Bitcoin ATM (Hopkins Store),37.49712502880314,-77.459967940261,ATM
Cottrell Farms,37.4665979,-77.47880140000002,Rabbit Food,37.464406,-77.476859,Vegetarian / Vegan Restaurant
Cottrell Farms,37.4665979,-77.47880140000002,Trains And Thangs,37.464407,-77.476747,Train Station
Cottrell Farms,37.4665979,-77.47880140000002,B.O Productions,37.467967,-77.47479200000001,Home Service
Forest Hill,37.5255105,-77.47736739999998,42nd St,37.52509443536721,-77.47664198634018,Beach
Forest Hill,37.5255105,-77.47736739999998,95 South Spotsylvania,37.52537287695664,-77.47567850889124,Moving Target
Forest Hill,37.5255105,-77.47736739999998,42nd St. Island,37.52701470845673,-77.47579054156921,Beach
Gravel Hill,37.5365358,-77.514708,Granite Swim and Tennis Club,37.533123138588714,-77.51336568705588,Pool
Gravel Hill,37.5365358,-77.514708,Granite Pool And Rec,37.533057802477046,-77.5135841026123,Pool
Hickory Hill,37.4828974,-77.4716313,Wing Spot,37.483741760253906,-77.46749114990234,Wings Joint
Hillside Court,37.5017822,-77.4336221,Capital Garage,37.498912,-77.432794,Auto Workshop
Huguenot,37.545874100000006,-77.5820012,Hobby Hill Lake,37.542575807808575,-77.58310649356072,Lake
Jahnke,37.51815429999999,-77.5189458,MMA Institute,37.51907984570955,-77.51560000513281,Martial Arts School
Jahnke,37.51815429999999,-77.5189458,Food Lion Grocery Store,37.51894522964941,-77.5148308139048,Supermarket
Jahnke,37.51815429999999,-77.5189458,BWE Gym,37.52067824469449,-77.51743376255035,Gym
Manchester,37.5209801,-77.44414990000001,Brewer's Cafe,37.52194777826133,-77.44496294979666,Coffee Shop
Manchester,37.5209801,-77.44414990000001,Croaker's Spot Restaurant,37.521546210702084,-77.44309569836231,Seafood Restaurant
Manchester,37.5209801,-77.44414990000001,Dogtown Dance Theatre,37.52043833252422,-77.44801175393212,Dance Studio
Manchester,37.5209801,-77.44414990000001,Send-A-Chef,37.520641,-77.445264,Southern / Soul Food Restaurant
Manchester,37.5209801,-77.44414990000001,McDonald's,37.52299489293367,-77.44045436382294,Fast Food Restaurant
McGuire,37.49895720000001,-77.47449940000001,Dante's Pizza Express,37.501163482666016,-77.47618865966797,Pizza Place
McGuire,37.49895720000001,-77.47449940000001,Super Fresh,37.50075089964813,-77.47725399423257,Grocery Store
McGuire,37.49895720000001,-77.47449940000001,American Buffalo Wings,37.5007,-77.4776,Wings Joint
McGuire,37.49895720000001,-77.47449940000001,Intersection of Belt Blvd & Hull St,37.502031819636244,-77.47365474700928,Intersection
Oxford,37.5393138,-77.547765,Custom Drywall of Richmond,37.542604,-77.549518,Construction & Landscaping
Piney Knolls,37.4793144,-77.4927632,Vanallen Animation,37.47713851928711,-77.49349975585938,Nightlife Spot
South Richmond,37.48307459999999,-77.4785088,Budget Truck Rental,37.485977,-77.476871,Rental Car Location
South Richmond,37.48307459999999,-77.4785088,Albert Pizzeria,37.481285095214844,-77.4790267944336,Pizza Place
South Richmond,37.48307459999999,-77.4785088,Broad Rock Sports Park,37.484462534587905,-77.48268034059328,Park
Stoney Point,37.5483402,-77.57165859999998,Sur La Table,37.54905430714213,-77.57179712542215,Kitchen Supply Store
Stoney Point,37.5483402,-77.57165859999998,Fleming's Prime Steakhouse & Wine Bar,37.5500106,-77.5708209,Steakhouse
Stoney Point,37.5483402,-77.57165859999998,Anthropologie,37.549008718678614,-77.57119920973963,Women's Store
Stoney Point,37.5483402,-77.57165859999998,Stony Point Fashion Park,37.549472029086154,-77.57135354653244,Shopping Mall
Stoney Point,37.5483402,-77.57165859999998,Saks Fifth Avenue,37.54924265705892,-77.57044807308995,Department Store
Stoney Point,37.5483402,-77.57165859999998,P.F. Chang's,37.5506719,-77.571231,Chinese Restaurant
Stoney Point,37.5483402,-77.57165859999998,Tiffany & Co.,37.5494769,-77.571105,Jewelry Store
Stoney Point,37.5483402,-77.57165859999998,Sweet Frog,37.548650430337865,-77.57192443216474,Frozen Yogurt Shop
Stoney Point,37.5483402,-77.57165859999998,Three Dog Bakery,37.54867666204055,-77.57204322760376,Pet Store
Stoney Point,37.5483402,-77.57165859999998,Bath & Body Works,37.549870421670526,-77.57121228650846,Cosmetics Shop
Stoney Point,37.5483402,-77.57165859999998,Les Crepes,37.54864518442566,-77.57179570330294,French Restaurant
Stoney Point,37.5483402,-77.57165859999998,PANDORA Jewelry,37.549991,-77.57106999999999,Jewelry Store
Stoney Point,37.5483402,-77.57165859999998,See's Candies,37.54931948213023,-77.57171174961857,Candy Store
Stoney Point,37.5483402,-77.57165859999998,Banana Republic,37.54985,-77.571746,Clothing Store
Stoney Point,37.5483402,-77.57165859999998,Restoration Hardware,37.550133334504984,-77.57186853871698,Furniture / Home Store
Stoney Point,37.5483402,-77.57165859999998,Gymboree,37.549039902596604,-77.57148227589698,Kids Store
Stoney Point,37.5483402,-77.57165859999998,The Children's Place,37.549991,-77.57106999999999,Kids Store
Stoney Point,37.5483402,-77.57165859999998,Panera Bread,37.5493826,-77.5720506,Bakery
Stoney Point,37.5483402,-77.57165859999998,Victoria's Secret PINK,37.54993027919906,-77.57138374879312,Lingerie Store
Stoney Point,37.5483402,-77.57165859999998,Brooks Brothers,37.54826336539233,-77.57161652917314,Clothing Store
Stoney Point,37.5483402,-77.57165859999998,LensCrafters,37.549991,-77.57106999999999,Optical Shop
Stoney Point,37.5483402,-77.57165859999998,Sunglass Hut,37.55044,-77.5717809,Accessories Store
Stoney Point,37.5483402,-77.57165859999998,MAC Cosmetics,37.54944,-77.57094383239746,Cosmetics Shop
Stoney Point,37.5483402,-77.57165859999998,Build-A-Bear Workshop,37.549991,-77.57106999999999,Toy / Game Store
Stoney Point,37.5483402,-77.57165859999998,Yankee Candle,37.549991,-77.57106999999999,Gift Shop
Stoney Point,37.5483402,-77.57165859999998,Champ's Sporting Goods,37.549991,-77.57106999999999,Clothing Store
Stoney Point,37.5483402,-77.57165859999998,Subway,37.549991,-77.57106999999999,Sandwich Place
Stoney Point,37.5483402,-77.57165859999998,Hollister Co.,37.548894,-77.57165193557739,Clothing Store
Stoney Point,37.5483402,-77.57165859999998,Justice,37.54909637479893,-77.57148476337296,Clothing Store
Stoney Point,37.5483402,-77.57165859999998,Dickey's Barbecue Pit,37.548346,-77.57169300000001,BBQ Joint
Stoney Point,37.5483402,-77.57165859999998,Daily Grind Coffeehouse & Creamery,37.54917564072456,-77.57170055578929,Coffee Shop
Stoney Point,37.5483402,-77.57165859999998,Bravo Rocco Italian Café,37.550096,-77.571658,Café
Stoney Point,37.5483402,-77.57165859999998,Pecan Jacks,37.548691096557626,-77.57213563273086,Candy Store
Stoney Point,37.5483402,-77.57165859999998,Fido Park Avenue Dog Boutique,37.550191,-77.571545,Pet Store
Stratford Hills,37.5508687,-77.530413,The River,37.551187,-77.527352,River
Swansboro,37.51664,-77.45585539999998,VA Criminal And Family Law,37.51665318983976,-77.45826959609985,Lawyer
Walmsley,37.4659105,-77.46015809999999,Picture Perfect Photo Stuff,37.462642669677734,-77.45889282226562,Print Shop
Windsor,37.56027419999999,-77.4870682,Ellwood Thompson's,37.55736840932339,-77.48852234112094,Grocery Store
Windsor,37.56027419999999,-77.4870682,The Fresh Market,37.55714676098596,-77.48628143584997,Grocery Store
Windsor,37.56027419999999,-77.4870682,The Aquarian Bookshop,37.556755405445266,-77.48753779602896,Hobby Shop
Windsor,37.56027419999999,-77.4870682,Chipotle Mexican Grill,37.5568173,-77.4863323,Mexican Restaurant
Windsor,37.56027419999999,-77.4870682,Petco,37.5571,-77.4863,Pet Store
Windsor,37.56027419999999,-77.4870682,Redbox,37.55727590363415,-77.48741213590652,Video Store
Windsor,37.56027419999999,-77.4870682,Walgreens,37.5573402,-77.4879601,Pharmacy
Woodland Heights,37.5213468,-77.4630265,Nate's Bagels,37.520827000000004,-77.461108,Bagel Shop
Byrd Park,37.5427152,-77.4795668,Byrd Park,37.545950619802376,-77.4783336538769,Park
Byrd Park,37.5427152,-77.4795668,Dogwood Dell,37.54054224746185,-77.48232185721295,Park
Byrd Park,37.5427152,-77.4795668,Arts In The Park,37.541833602147065,-77.48311163942185,Art Gallery
Byrd Park,37.5427152,-77.4795668,Vita Course,37.54382136692601,-77.48214261510168,Park
Byrd Park,37.5427152,-77.4795668,Kona Ice,37.53967971517477,-77.48020454184623,Food Truck
Carillon,37.5395527,-77.48597109999999,Dogwood Dell,37.54054224746185,-77.48232185721295,Park
Carillon,37.5395527,-77.48597109999999,Pumphouse Park,37.537015177326154,-77.48590664047528,Park
Carillon,37.5395527,-77.48597109999999,Barker Field Dog Park,37.539042040128955,-77.4817080409891,Dog Run
Carillon,37.5395527,-77.48597109999999,Arts In The Park,37.541833602147065,-77.48311163942185,Art Gallery
Carver,37.5539104,-77.4486838,Barnes & Noble,37.55113817981026,-77.45135392560856,Bookstore
Carver,37.5539104,-77.4486838,Dunkin',37.55044636855582,-77.44943328048352,Donut Shop
Carver,37.5539104,-77.4486838,Subway,37.55196715000002,-77.45206272131304,Sandwich Place
Carver,37.5539104,-77.4486838,Delta V Motorsports,37.55662,-77.44681,Automotive Shop
Carytown,37.5530946,-77.48382020000003,Mary Angela's Pizza Subs & Pasta,37.55452660948123,-77.48463486055078,Pizza Place
Carytown,37.5530946,-77.48382020000003,East Coast Provisions,37.554653499013085,-77.48499453546316,Seafood Restaurant
Carytown,37.5530946,-77.48382020000003,Can Can Brasserie,37.55346636617934,-77.48121660534741,French Restaurant
Carytown,37.5530946,-77.48382020000003,For The Love of Chocolate,37.55372047058408,-77.48141804507026,Candy Store
Carytown,37.5530946,-77.48382020000003,Babe's of Carytown,37.5539542625168,-77.48219498090006,Gay Bar
Carytown,37.5530946,-77.48382020000003,Bombshell Salon,37.555494440300535,-77.4850910564922,Salon / Barbershop
Carytown,37.5530946,-77.48382020000003,sweetFrog Premium Frozen Yogurt,37.55361332553516,-77.48171751889211,Frozen Yogurt Shop
Carytown,37.5530946,-77.48382020000003,Garden Grove Brewing Company,37.55489426306251,-77.48589379624329,Brewery
Carytown,37.5530946,-77.48382020000003,Carytown Farmer's Market,37.553824462591216,-77.48265953574399,Farmers Market
Carytown,37.5530946,-77.48382020000003,Greek On Cary,37.552951,-77.480845,Greek Restaurant
Carytown,37.5530946,-77.48382020000003,The Jasper,37.553158962694035,-77.48098002561454,Cocktail Bar
Carytown,37.5530946,-77.48382020000003,Galaxy Diner,37.55311786766866,-77.48081782079363,Diner
Carytown,37.5530946,-77.48382020000003,All Fired Up,37.55399098098018,-77.4831583540032,Arts & Crafts Store
Carytown,37.5530946,-77.48382020000003,Weezie's Kitchen,37.55339317345394,-77.4813196742526,American Restaurant
Carytown,37.5530946,-77.48382020000003,Avail Vapor,37.554435,-77.483521,Smoke Shop
Carytown,37.5530946,-77.48382020000003,Penzeys Spices,37.55484174646195,-77.48508049489593,Herbs & Spices Store
Carytown,37.5530946,-77.48382020000003,Cary Court Shopping Center,37.55351927806335,-77.481228320648,Plaza
Carytown,37.5530946,-77.48382020000003,Ginger Thai,37.55370164277849,-77.48204009388387,Thai Restaurant
Carytown,37.5530946,-77.48382020000003,Carytown Cupcakes,37.55318717612798,-77.48085612029611,Cupcake Shop
Carytown,37.5530946,-77.48382020000003,7-Eleven,37.5537937321898,-77.4832275509834,Convenience Store
Carytown,37.5530946,-77.48382020000003,Zzaam! Fresh Korean Grill,37.55446370026873,-77.48392532942646,Korean Restaurant
Carytown,37.5530946,-77.48382020000003,Franklin Goose,37.55453599726398,-77.48477122227875,Miscellaneous Shop
Carytown,37.5530946,-77.48382020000003,One Eyed Jacques,37.553155849750915,-77.48024023313816,Hobby Shop
Carytown,37.5530946,-77.48382020000003,Plan 9 Music,37.55264331553973,-77.47943774636492,Record Shop
Carytown,37.5530946,-77.48382020000003,Rocket Fizz,37.55289326999676,-77.48001471593165,Candy Store
Carytown,37.5530946,-77.48382020000003,Paper Source,37.553734000000006,-77.480863,Arts & Crafts Store
Carytown,37.5530946,-77.48382020000003,West Elm,37.553105,-77.481241,Furniture / Home Store
Carytown,37.5530946,-77.48382020000003,Nacho Mama's,37.55499595041395,-77.48600224869165,Mexican Restaurant
Carytown,37.5530946,-77.48382020000003,Yoga Source,37.55352476190347,-77.4811698745953,Yoga Studio
Carytown,37.5530946,-77.48382020000003,Need Supply Co,37.55312780798261,-77.48013775240743,Clothing Store
Carytown,37.5530946,-77.48382020000003,The UPS Store,37.553789692016004,-77.48097302020824,Shipping Store
Carytown,37.5530946,-77.48382020000003,Dogma,37.55511601059022,-77.48689426259389,Pet Store
Carytown,37.5530946,-77.48382020000003,Spa310 Boutique Salon & Medical Spa,37.55539968532383,-77.48662659496371,Spa
Carytown,37.5530946,-77.48382020000003,Xtra's Cafe,37.5548597,-77.4847052,American Restaurant
Carytown,37.5530946,-77.48382020000003,Burger Bach,37.555255720166805,-77.48626350240843,Burger Joint
Carytown,37.5530946,-77.48382020000003,J&K Mobile Munchies,37.55313209232878,-77.48118478531123,Food Truck
Carytown,37.5530946,-77.48382020000003,Carytown Burgers & Fries,37.555021,-77.485971,Burger Joint
Carytown,37.5530946,-77.48382020000003,Home Sweet Home,37.55473667195199,-77.4856173252084,Comfort Food Restaurant
Carytown,37.5530946,-77.48382020000003,Amici Ristorante,37.55439978617826,-77.48454241622022,Italian Restaurant
Carytown,37.5530946,-77.48382020000003,CVS pharmacy,37.55590362096987,-77.48656590063412,Pharmacy
Carytown,37.5530946,-77.48382020000003,Thai Diner Too,37.552977602015545,-77.47990881253371,Thai Restaurant
Carytown,37.5530946,-77.48382020000003,Carytown Bicycle Company,37.55327520346139,-77.480558261403,Bike Shop
Carytown,37.5530946,-77.48382020000003,Buffalo Exchange,37.553695,-77.48162,Thrift / Vintage Store
Carytown,37.5530946,-77.48382020000003,Döner Kebab,37.555085123359284,-77.48634851847166,Middle Eastern Restaurant
Carytown,37.5530946,-77.48382020000003,Clementine,37.55330827508773,-77.48085729893074,Women's Store
Carytown,37.5530946,-77.48382020000003,Philly Steak And Gyros,37.55500828800478,-77.48582697169631,Fast Food Restaurant
Carytown,37.5530946,-77.48382020000003,Tulsi Indian Cuisine,37.553317,-77.48161400000001,Indian Restaurant
Carytown,37.5530946,-77.48382020000003,Walkabout Outfitter,37.552537,-77.479486,Outdoor Supply Store
Carytown,37.5530946,-77.48382020000003,Carytown Teas,37.555605,-77.486795,Tea Room
Carytown,37.5530946,-77.48382020000003,Goodwill,37.55322373958837,-77.48075542748714,Thrift / Vintage Store
Carytown,37.5530946,-77.48382020000003,Jimmy John's,37.554699,-77.484392,Sandwich Place
Carytown,37.5530946,-77.48382020000003,Ten Thousand Villages,37.55366474310917,-77.48223915135624,Gift Shop
Carytown,37.5530946,-77.48382020000003,LeenaLu,37.553411,-77.482003,Boutique
Carytown,37.5530946,-77.48382020000003,Sola Salon Studios,37.55443019,-77.48353251,Health & Beauty Service
Carytown,37.5530946,-77.48382020000003,Traveling Chic Boutique,37.55337142944336,-77.48202514648438,Boutique
Carytown,37.5530946,-77.48382020000003,Indigo Avenue Clothes,37.554699,-77.484392,Women's Store
Carytown,37.5530946,-77.48382020000003,Studio K. By Kambourian Jewelers,37.553340911865234,-77.48194885253906,Jewelry Store
Carytown,37.5530946,-77.48382020000003,Loose Screw Tattoo,37.554111,-77.483511,Art Gallery
Carytown,37.5530946,-77.48382020000003,McDonald's,37.555159,-77.485528,Fast Food Restaurant
Carytown,37.5530946,-77.48382020000003,Farouk's House of India,37.55284839535682,-77.4800728384732,Indian Restaurant
Colonial Place,37.56670640000001,-77.4945741,OVRBORD Media,37.56759262084961,-77.4963150024414,Film Studio
Colonial Place,37.56670640000001,-77.4945741,MTG Process Servers Inc.,37.56797,-77.49255,Business Service
Byrd Park,37.5427152,-77.4795668,Byrd Park,37.545950619802376,-77.4783336538769,Park
Byrd Park,37.5427152,-77.4795668,Dogwood Dell,37.54054224746185,-77.48232185721295,Park
Byrd Park,37.5427152,-77.4795668,Arts In The Park,37.541833602147065,-77.48311163942185,Art Gallery
Byrd Park,37.5427152,-77.4795668,Vita Course,37.54382136692601,-77.48214261510168,Park
Byrd Park,37.5427152,-77.4795668,Kona Ice,37.53967971517477,-77.48020454184623,Food Truck
The Fan,37.551275200000006,-77.45879339999998,Kuba Kuba,37.55131852614816,-77.45886792846566,Cuban Restaurant
The Fan,37.551275200000006,-77.45879339999998,Lombardy Market,37.55012577574345,-77.45943601657159,Deli / Bodega
The Fan,37.551275200000006,-77.45879339999998,The Fan District,37.55311753216668,-77.4620246887207,Neighborhood
The Fan,37.551275200000006,-77.45879339999998,My Noodle & Bar,37.55277805551909,-77.45798400286915,Noodle House
The Fan,37.551275200000006,-77.45879339999998,Firehouse Theatre,37.554429288200005,-77.4566186123008,Theater
The Fan,37.551275200000006,-77.45879339999998,Broadway Wireless,37.553403,-77.45562199999999,Mobile Phone Shop
Malvern Gardens,37.5687141,-77.4888388,Stella's,37.56754291411298,-77.48625276333259,Greek Restaurant
Malvern Gardens,37.5687141,-77.4888388,Stella's Grocery,37.567406864391224,-77.48631799526736,Greek Restaurant
Maymount,37.5341954,-77.47433579999998,Maymont,37.534849407531695,-77.4753312068931,Park
Maymount,37.5341954,-77.47433579999998,North Bank Trail,37.53348486505718,-77.47465340479906,Trail
Maymount,37.5341954,-77.47433579999998,Japanese Garden,37.53270999176563,-77.47647240757941,Garden
Maymount,37.5341954,-77.47433579999998,Maymont Nature Center,37.53766794438778,-77.47534222024152,Park
Maymount,37.5341954,-77.47433579999998,Italian Garden,37.53370074503301,-77.47665882110596,Garden
Maymount,37.5341954,-77.47433579999998,Herbs Galore,37.534273209753664,-77.47510714052898,Garden Center
Maymount,37.5341954,-77.47433579999998,Zen Garden,37.53316977996754,-77.4770340969347,Lake
Maymount,37.5341954,-77.47433579999998,Bamboo Forest,37.53582000732422,-77.47738647460938,Forest
Maymount,37.5341954,-77.47433579999998,Waterfall - Japanese Garden,37.53582000732422,-77.47738647460938,Waterfall
Museum District,37.5616745,-77.48090359999998,North End Juice Bar,37.562505804364655,-77.47686300353622,Juice Bar
Museum District,37.5616745,-77.48090359999998,The Franklin Inn,37.562889,-77.476757,American Restaurant
Museum District,37.5616745,-77.48090359999998,Little Secret Fitness,37.56252670288086,-77.48328399658203,Gym
Museum District,37.5616745,-77.48090359999998,Humphrey Calder Community Center,37.562552966467756,-77.48465758030733,Park
Museum District,37.5616745,-77.48090359999998,Cakes by Graham,37.562338,-77.476803,Bakery
Museum District,37.5616745,-77.48090359999998,Smoke Shack,37.560547625,-77.4850148,Smoke Shop
Newtowne West,37.55745870000001,-77.45728969999998,Sugar Shack Donuts,37.55708393555689,-77.45314405215356,Donut Shop
Newtowne West,37.55745870000001,-77.45728969999998,Maggie L. Walker Governor's School,37.557978474546495,-77.45377401693027,High School
Newtowne West,37.55745870000001,-77.45728969999998,Level Asian Fusion & Sushi Taphouse,37.55691406659307,-77.4611732255077,Asian Restaurant
Newtowne West,37.55745870000001,-77.45728969999998,Four Brothers Bistro And Grill,37.55475330367391,-77.4553218278984,Comfort Food Restaurant
Newtowne West,37.55745870000001,-77.45728969999998,Firehouse Theatre,37.554429288200005,-77.4566186123008,Theater
Newtowne West,37.55745870000001,-77.45728969999998,Whole Foods Market,37.557842,-77.461533,Grocery Store
Newtowne West,37.55745870000001,-77.45728969999998,Emilio's Restaurante,37.55666143221779,-77.46055461974004,Paella Restaurant
Newtowne West,37.55745870000001,-77.45728969999998,The Camel,37.55465079841224,-77.45698028455786,Music Venue
Newtowne West,37.55745870000001,-77.45728969999998,Lowe's,37.5557479,-77.4565849,Hardware Store
Newtowne West,37.55745870000001,-77.45728969999998,Kroger Fuel,37.55500305720684,-77.45493158979345,Gas Station
Newtowne West,37.55745870000001,-77.45728969999998,Dollar Tree,37.55429064315463,-77.45577869821007,Discount Store
Newtowne West,37.55745870000001,-77.45728969999998,Assante's Pizza,37.55644346215254,-77.46033480144713,Pizza Place
Newtowne West,37.55745870000001,-77.45728969999998,The Mansion Room at Fielden's,37.55738663881394,-77.46168985583061,Nightclub
Newtowne West,37.55745870000001,-77.45728969999998,U-Haul Moving & Storage at Vcu,37.5562565370114,-77.4552093504625,Storage Facility
Newtowne West,37.55745870000001,-77.45728969999998,WRIR Richmond Independent Radio,37.554711720596,-77.4570080950836,Music Venue
Newtowne West,37.55745870000001,-77.45728969999998,Kroger,37.55598,-77.4538343,Supermarket
Oregon Hill,37.5377471,-77.4508354,L'Opossum,37.53793862968321,-77.45035976171494,Bistro
Oregon Hill,37.5377471,-77.4508354,Virginia War Memorial,37.536980890009396,-77.44831685099355,Monument / Landmark
Oregon Hill,37.5377471,-77.4508354,Mamma Zu,37.539079015864814,-77.4503658059017,Italian Restaurant
Oregon Hill,37.5377471,-77.4508354,Rest In Pieces,37.54063011969423,-77.45152652263641,Thrift / Vintage Store
Oregon Hill,37.5377471,-77.4508354,Vinyl Conflict,37.540836940061865,-77.45046709173684,Record Shop
Oregon Hill,37.5377471,-77.4508354,Oregon Hill Park,37.536632,-77.450186,Park
Oregon Hill,37.5377471,-77.4508354,Holly Street Playground,37.53630447387695,-77.45266723632812,Playground
Oregon Hill,37.5377471,-77.4508354,Fireworks On The James,37.53582702570146,-77.4478237883254,Scenic Lookout
Oregon Hill,37.5377471,-77.4508354,Gamble's Hill Park,37.537561017366386,-77.44672652949278,Park
Randolph,37.542645,-77.4658948,Randloph Park,37.544639338589825,-77.46490045308893,Playground
Randolph,37.542645,-77.4658948,Petronius Park,37.54444792765922,-77.46440959578376,Park
Randolph,37.542645,-77.4658948,Toast And Jams!,37.54164270139019,-77.46870425899303,Speakeasy
Randolph,37.542645,-77.4658948,Randolph Street Tennis Courts,37.54398259094715,-77.46306292874897,Tennis Court
Randolph,37.542645,-77.4658948,Randolph Pool,37.544003588626815,-77.46215738313902,Pool
Randolph,37.542645,-77.4658948,Downtown Expressway Toll Plaza,37.545307694266675,-77.46319738274768,Toll Plaza
Rhoadmiller,37.5669281,-77.45949809999998,Hardywood Park Craft Brewery,37.56481011533774,-77.45713512154634,Brewery
Rhoadmiller,37.5669281,-77.45949809999998,CrossFit RVA,37.56747376943746,-77.46306538581848,Gym
Rhoadmiller,37.5669281,-77.45949809999998,Food Truck Court At Hardywood,37.56455928521715,-77.45730198452634,Food Court
Rhoadmiller,37.5669281,-77.45949809999998,Castleburg Brewery and Taproom,37.56372902772133,-77.45924766273612,Brewery
Rhoadmiller,37.5669281,-77.45949809999998,The Salvation Army Family Store & Donation Center,37.56756062414902,-77.46018866129461,Thrift / Vintage Store
Rhoadmiller,37.5669281,-77.45949809999998,Heroes Apparel,37.564056,-77.459509,Clothing Store
Rhoadmiller,37.5669281,-77.45949809999998,Paris Creperie,37.564634602992946,-77.45711878409443,Food Truck
Rhoadmiller,37.5669281,-77.45949809999998,Lennox Stores (PartsPlus),37.5696795,-77.4573793,Business Service
Scott's Addition,37.5696159,-77.47195079999999,Ardent Craft Ales Brewery,37.56864063789886,-77.47227923175814,Brewery
Scott's Addition,37.5696159,-77.47195079999999,ZZQ Texas Craft Barbeque,37.568688825466,-77.47154111623875,BBQ Joint
Scott's Addition,37.5696159,-77.47195079999999,The Dairy Bar,37.570677,-77.472949,Breakfast Spot
Scott's Addition,37.5696159,-77.47195079999999,Stella’s Grocery,37.5701811803116,-77.47299891850447,Market
Scott's Addition,37.5696159,-77.47195079999999,The Circuit - Arcade Bar,37.56757848684932,-77.4717103400592,Bar
Scott's Addition,37.5696159,-77.47195079999999,Väsen Brewing Company,37.57001594350578,-77.47279710955888,Brewery
Scott's Addition,37.5696159,-77.47195079999999,Tazza Kitchen,37.569922291877106,-77.47390436892009,New American Restaurant
Scott's Addition,37.5696159,-77.47195079999999,Brenner Pass,37.57048695782495,-77.46934487872488,Modern European Restaurant
Scott's Addition,37.5696159,-77.47195079999999,Studio Two Three,37.56853285552464,-77.473963512226,Art Gallery
Scott's Addition,37.5696159,-77.47195079999999,Tang & Biscuit,37.57128375805489,-77.47340735879528,Social Club
Scott's Addition,37.5696159,-77.47195079999999,The Veil Brewing Co.,37.56857901042573,-77.4753170484392,Brewery
Scott's Addition,37.5696159,-77.47195079999999,Crossfit Full Circle,37.57135134205156,-77.47501411506117,Gym
Scott's Addition,37.5696159,-77.47195079999999,Lamplighter Roasting Company,37.56912689131535,-77.4684835047972,Coffee Shop
Scott's Addition,37.5696159,-77.47195079999999,The Yoga Dojo,37.566532,-77.47386,Yoga Studio
Scott's Addition,37.5696159,-77.47195079999999,Blue Bee Cider,37.56659477062506,-77.47217747088428,Brewery
Scott's Addition,37.5696159,-77.47195079999999,Strangeways Brewing,37.567894,-77.471485,Brewery
Scott's Addition,37.5696159,-77.47195079999999,Isley Brewing Company,37.568936453483154,-77.46858805418015,Brewery
Scott's Addition,37.5696159,-77.47195079999999,The Urban Farmhouse Market & Cafe,37.568442086750814,-77.4688511728234,Café
Scott's Addition,37.5696159,-77.47195079999999,Infuzion,37.56908898546975,-77.47432280981174,Restaurant
Scott's Addition,37.5696159,-77.47195079999999,Class And Trash,37.568540999999996,-77.467861,Antique Shop
Scott's Addition,37.5696159,-77.47195079999999,X-Team Fitness,37.56642944798934,-77.47000631119417,Gym / Fitness Center
Stadium,37.5503539,-77.4888388,City Stadium,37.55102201800244,-77.48815767681157,Soccer Stadium
Stonewall Court,37.5708649,-77.508911,DD's Skin Care & Cosmetics,37.57070524233116,-77.5045108795166,Health & Beauty Service
West of the Boulevard,37.5616745,-77.48090359999998,North End Juice Bar,37.562505804364655,-77.47686300353622,Juice Bar
West of the Boulevard,37.5616745,-77.48090359999998,The Franklin Inn,37.562889,-77.476757,American Restaurant
West of the Boulevard,37.5616745,-77.48090359999998,Little Secret Fitness,37.56252670288086,-77.48328399658203,Gym
West of the Boulevard,37.5616745,-77.48090359999998,Humphrey Calder Community Center,37.562552966467756,-77.48465758030733,Park
West of the Boulevard,37.5616745,-77.48090359999998,Cakes by Graham,37.562338,-77.476803,Bakery
West of the Boulevard,37.5616745,-77.48090359999998,Smoke Shack,37.560547625,-77.4850148,Smoke Shop
Westhampton,37.5741012,-77.5146453,The Continental Westhampton,37.57329146630539,-77.51726611581387,American Restaurant
Westhampton,37.5741012,-77.5146453,Palani Drive,37.57472672552783,-77.51783536750462,American Restaurant
Westhampton,37.5741012,-77.5146453,Jack Brown's Beer & Burger Joint,37.57312860549688,-77.51880948147704,Burger Joint
Westhampton,37.5741012,-77.5146453,Stuffy's Subs,37.57437860340571,-77.51811649424117,Sandwich Place
Westhampton,37.5741012,-77.5146453,Beijing On Grove,37.5732328731733,-77.51778639776087,Cantonese Restaurant
Westhampton,37.5741012,-77.5146453,Starbucks,37.57322658,-77.51863726,Coffee Shop
Westhampton,37.5741012,-77.5146453,The UPS Store,37.5731883,-77.518739,Shipping Store
Westhampton,37.5741012,-77.5146453,7-Eleven,37.5742352536321,-77.5175759196281,Convenience Store
Westhampton,37.5741012,-77.5146453,Bella Bridesmaids Richmond,37.572821000000005,-77.516696,Bridal Shop
Westhampton,37.5741012,-77.5146453,Nellie George,37.573148815886384,-77.51764946947857,Boutique
Westhampton,37.5741012,-77.5146453,TASTE,37.572732,-77.517563,Sandwich Place
Westhampton,37.5741012,-77.5146453,Scents of Serenity Organic Spa,37.572743,-77.517578,Spa
Westhampton,37.5741012,-77.5146453,Om On Yoga Studio,37.57417265739253,-77.51809805707427,Yoga Studio
Westhampton,37.5741012,-77.5146453,Peter Blair,37.573257,-77.518505,Men's Store
Westhampton,37.5741012,-77.5146453,Shops at Libbie and Grove,37.573002,-77.518477,Shopping Mall
Westhampton,37.5741012,-77.5146453,Libbie Ave & Grove Ave,37.57325071526023,-77.51864059065264,Travel & Transport
Westhampton,37.5741012,-77.5146453,Carreras Jewelers,37.572410999999995,-77.518226,Jewelry Store
Westhampton,37.5741012,-77.5146453,Coast,37.57306187686818,-77.5187469816787,Seafood Restaurant
Willow Lawn,37.58186970000001,-77.49758729999998,Zoës Kitchen,37.58166117524112,-77.49868221631704,Mediterranean Restaurant
Willow Lawn,37.58186970000001,-77.49758729999998,Willow Lawn,37.5818681,-77.4975887,Shopping Plaza
Willow Lawn,37.58186970000001,-77.49758729999998,CAVA,37.58179262830099,-77.49845302285802,Mediterranean Restaurant
Willow Lawn,37.58186970000001,-77.49758729999998,Chick-fil-A,37.58240540273389,-77.49725818634033,Fast Food Restaurant
Willow Lawn,37.58186970000001,-77.49758729999998,Massage Envy - Richmond Willow Lawn,37.5828831,-77.4968723,Spa
Willow Lawn,37.58186970000001,-77.49758729999998,Tropical Smoothie Cafe,37.5812814,-77.4978938,Smoothie Shop
Willow Lawn,37.58186970000001,-77.49758729999998,Chopt,37.58250349032495,-77.49858812685422,Salad Place
Willow Lawn,37.58186970000001,-77.49758729999998,Nostalgia Plus Inc,37.58184481365358,-77.49723933754008,Comic Shop
Willow Lawn,37.58186970000001,-77.49758729999998,DSW Designer Shoe Warehouse,37.5817845,-77.4958548,Shoe Store
Willow Lawn,37.58186970000001,-77.49758729999998,Bath & Body Works,37.58255523797479,-77.49714531957314,Cosmetics Shop
Willow Lawn,37.58186970000001,-77.49758729999998,Chick-fil-A,37.5837073,-77.4952657,Fast Food Restaurant
Willow Lawn,37.58186970000001,-77.49758729999998,Five Guys,37.58179789424479,-77.49675601586914,Burger Joint
Willow Lawn,37.58186970000001,-77.49758729999998,Starbucks,37.58315068,-77.49661172,Coffee Shop
Willow Lawn,37.58186970000001,-77.49758729999998,Sticks Kabob Shop,37.58392548058407,-77.49777699204088,Middle Eastern Restaurant
Willow Lawn,37.58186970000001,-77.49758729999998,Gold's Gym,37.580283552169405,-77.49739331264169,Gym
Willow Lawn,37.58186970000001,-77.49758729999998,The Children's Theatre at Willow Lawn,37.58211822239563,-77.4971095381991,Theater
Willow Lawn,37.58186970000001,-77.49758729999998,Which Wich? Superior Sandwiches,37.58066324466078,-77.49898563713188,Sandwich Place
Willow Lawn,37.58186970000001,-77.49758729999998,Krispy Kreme Doughnuts,37.58241721216602,-77.49378737893453,Donut Shop
Willow Lawn,37.58186970000001,-77.49758729999998,Red Nails,37.58267766736015,-77.49710534368153,Nail Salon
Willow Lawn,37.58186970000001,-77.49758729999998,Old Navy,37.58259064342528,-77.49683020105883,Clothing Store
Willow Lawn,37.58186970000001,-77.49758729999998,Jason's Deli,37.58398758671537,-77.49871012064017,Food Truck
Willow Lawn,37.58186970000001,-77.49758729999998,European Wax Center,37.581872,-77.49717,Spa
Willow Lawn,37.58186970000001,-77.49758729999998,Ross Dress for Less,37.58081246936993,-77.49689441347768,Clothing Store
Willow Lawn,37.58186970000001,-77.49758729999998,Panera Bread,37.5836523,-77.4967115,Bakery
Willow Lawn,37.58186970000001,-77.49758729999998,Chipotle Mexican Grill,37.584582788510524,-77.49660022879061,Mexican Restaurant
Willow Lawn,37.58186970000001,-77.49758729999998,Lily's Nails,37.583897266467275,-77.49852184266159,Cosmetics Shop
Willow Lawn,37.58186970000001,-77.49758729999998,LensCrafters,37.58215084930304,-77.49762475253502,Optical Shop
Willow Lawn,37.58186970000001,-77.49758729999998,Travinia Italian Kitchen and Wine Bar - Richmond,37.58163271216299,-77.49829012798574,Restaurant
Willow Lawn,37.58186970000001,-77.49758729999998,Noodles & Company,37.583114,-77.4963361,Noodle House
Willow Lawn,37.58186970000001,-77.49758729999998,Kroger,37.5804197,-77.4992377,Supermarket
Willow Lawn,37.58186970000001,-77.49758729999998,DICK'S Sporting Goods,37.5812486,-77.49813057,Sporting Goods Shop
Willow Lawn,37.58186970000001,-77.49758729999998,GameStop,37.581831676000355,-77.49715353156607,Video Game Store
Willow Lawn,37.58186970000001,-77.49758729999998,Amigos Mexican Restaurant,37.581006,-77.494244,Mexican Restaurant
Willow Lawn,37.58186970000001,-77.49758729999998,Quilting Adventures,37.58095626216398,-77.4989516422937,Arts & Crafts Store
Willow Lawn,37.58186970000001,-77.49758729999998,Virginia ABC Store,37.580864161231446,-77.49890833843513,Liquor Store
Willow Lawn,37.58186970000001,-77.49758729999998,Domino's Pizza,37.5807375,-77.4989752,Pizza Place
Willow Lawn,37.58186970000001,-77.49758729999998,Rack Room Shoes,37.58233272592463,-77.49738514712325,Shoe Store
Willow Lawn,37.58186970000001,-77.49758729999998,Sally Beauty,37.58084012497364,-77.49906771848177,Cosmetics Shop
Willow Lawn,37.58186970000001,-77.49758729999998,GNC,37.582648112432565,-77.4971147423451,Supplement Shop
Wilton,37.5601359,-77.5189458,Wilton House Museum,37.56246703544514,-77.51971469539994,History Museum
